{
  "generationParameters": {
    "generationDate": "Mon Nov 03 2025 10:08:45 GMT+0000 (Coordinated Universal Time)",
    "generatorPlatform": "SAP Business Application Studio",
    "serviceType": "Local CAP",
    "metadataFilename": "",
    "serviceUrl": "http://localhost:4004/service/GbaasReviewService/",
    "appName": "gbaas.assessmentreviewapp",
    "appTitle": "assessmentreviewapp",
    "appDescription": "Gbaas assessment review app",
    "appNamespace": "",
    "ui5Theme": "sap_horizon",
    "ui5Version": "1.120.32",
    "showMockDataInfo": false,
    "generatorVersion": "1.19.3",
    "template": "List Report Page V4",
    "generatorName": "SAP Fiori Application Generator",
    "entityRelatedConfig": [
      {
        "type": "Main Entity",
        "value": "Assessments"
      },
      {
        "type": "Navigation Entity",
        "value": "forms"
      }
    ],
    "launchText": "To launch the generated app, start your CAP project:  and navigate to the following location in your browser:\n\nhttp://localhost:4004/gbaas.assessmentreviewapp/webapp/index.html"
  }
}
