{
  "scopes": [
    {
      "name": "$XSAPPNAME.Admin",
      "description": "Admin"
    },
    {
      "name": "$XSAPPNAME.User",
      "description": "User"
    },
    {
      "name": "$XSAPPNAME.Viewer",
      "description": "Viewer"
    }
  ],
  "attributes": [],
  "role-templates": [
    {
      "name": "User",
      "description": "Role to use AI Ethics Assessment app",
      "scope-references": [
        "$XSAPPNAME.User"
      ]
    },
    {
      "name": "Admin",
      "description": "Role to manage AI Ethics Assessments and Questionnaire app",
      "scope-references": [
        "$XSAPPNAME.Admin"
      ]
    },
    {
      "name": "Viewer",
      "description": "Role to View All AI Ethics Assessment in Assessment Management Application",
      "scope-references": [
        "$XSAPPNAME.Viewer"
      ]
    }
  ],
  "role-collections": [
    {
      "name": "AIE User",
      "description": "Role to use AI Ethics Assessment app",
      "role-template-references": [
        "$XSAPPNAME.User"
      ]
    },
    {
      "name": "AIE Admin",
      "description": "Role to manage AI Ethics Assessments and Questionnaire app",
      "role-template-references": [
        "$XSAPPNAME.Admin"
      ]
    },
    {
      "name": "AIE Viewer",
      "description": "Role to View All AI Ethics Assessment in Assessment Management Application",
      "role-template-references": [
        "$XSAPPNAME.Viewer"
      ]
    }
  ],
  "authorities-inheritance": false,
  "oauth2-configuration": {
    "token-validity": 900,
    "credential-types": [
      "binding-secret",
      "instance-secret"
    ],
    "redirect-uris": [
      "https://**.eu10.applicationstudio.cloud.sap/**"
    ]
  }
}
