{
  "generationParameters": {
    "generationDate": "Tue Nov 04 2025 06:33:37 GMT+0000 (Coordinated Universal Time)",
    "generatorPlatform": "SAP Business Application Studio",
    "serviceType": "Local CAP",
    "metadataFilename": "",
    "serviceUrl": "http://localhost:4004/service/GbaasQuestionnaireManagement/",
    "appName": "gbaas.questionnairemanagement",
    "appTitle": "gbass-questionnaire-management",
    "appDescription": "My SAP application",
    "appNamespace": "",
    "ui5Theme": "sap_horizon",
    "ui5Version": "1.120.31",
    "showMockDataInfo": false,
    "generatorVersion": "1.19.3",
    "template": "List Report Page V4",
    "generatorName": "SAP Fiori Application Generator",
    "entityRelatedConfig": [
      {
        "type": "Main Entity",
        "value": "Questionnaires"
      },
      {
        "type": "Navigation Entity",
        "value": "questions"
      }
    ],
    "launchText": "To launch the generated app, start your CAP project:  and navigate to the following location in your browser:\n\nhttp://localhost:4004/gbaas.questionnairemanagement/webapp/index.html"
  }
}
