<core:FragmentDefinition xmlns="sap.m" xmlns:core="sap.ui.core"  xmlns:mvc="sap.ui.core.mvc" >
    <Dialog id="addCommentDialog" title="Add Comment" 
        draggable="true" resizable="true" 
        contentWidth="600px"
        contentHeight="400px">
        <Panel>
        <content>
            <VBox>

                    <Label text="Form and Version" />
                        <ComboBox id="groupedQuestionnaireResponseDropdown"
                                placeholder="Select assessment and version against which you want to comment"
                                items="{
                                    path: '/GroupedQuestionnaireResponses',
                                    filters: [{ path: 'assessment_ID', operator: 'EQ', value1: '{ID}' }]
                     }"
                    selectedKey="{groupedQuestionnaireResponse>/ID}">
                    <core:Item key="{ID}" text="{questionnaire/questionnairetype_code} - Version: {version}" />
                </ComboBox>
                <Label text="Enter your comment:" />
                <TextArea id="commentInput" placeholder="Type your comment here..." growing="true" width="100%" />
            </VBox>

        </content>
        </Panel>
        <beginButton>
            <Button text="Submit" press=".onSubmitComment" />
        </beginButton>
        <endButton>
            <Button text="Cancel" press=".onCancelComment" />
        </endButton>
    </Dialog>
</core:FragmentDefinition>