<core:FragmentDefinition xmlns="sap.suite.ui.commons" xmlns:mvc="sap.ui.core.mvc" xmlns:l="sap.ui.layout" xmlns:core="sap.ui.core" xmlns:microchart="sap.suite.ui.microchart" xmlns:si="sap.suite.ui.commons.statusindicator" xmlns:m="sap.m">
    <l:VerticalLayout class="sapUiContentPadding" width="100%">
        <l:content>
            <MicroProcessFlow>
                <content>
                    <MicroProcessFlowItem>
                        <customControl>
                            <m:VBox alignItems="Center">
                                <microchart:RadialMicroChart
                                    alignContent="Center"
                                    size="Responsive"
                                    height="60px"
                                    percentage="{= Number(${ImpactAssessmentSubmitted}) ? Number(${ImpactAssessmentSubmitted}) : 0 }"
                                    valueColor="{= Number(${ImpactAssessmentSubmitted}) === 100 ? 'Good' : Number(${ImpactAssessmentSubmitted}) === 50 ? 'Critical' : 'Neutral' }"
                                    tooltip="Use Case Impact Assessment Progress: {= Number(${ImpactAssessmentSubmitted}) ? Number(${ImpactAssessmentSubmitted}) : 0 }% Complete"/>
                                <m:Text text="Use Case Impact Assessment" class="sapUiSmallMarginTop"/>
                            </m:VBox>
                        </customControl>
                    </MicroProcessFlowItem>
                                        <MicroProcessFlowItem>
                        <customControl>
                            <m:VBox alignItems="Center">
                                <microchart:RadialMicroChart
                                    alignContent="Center"
                                    size="Responsive"
                                    height="60px"
                                    percentage="{= Number(${AIEthicsOfficeStatus}) ? Number(${AIEthicsOfficeStatus}) : 0 }"
                                    valueColor="{= ${status/code} === 'Stopped' ? 'Error' : ( Number(${AIEthicsOfficeStatus}) === 100 ? 'Good' : Number(${AIEthicsOfficeStatus}) === 50 ? 'Critical' : 'Neutral' ) }"
                                    tooltip="AI Ethics Office Review Status: {= Number(${AIEthicsOfficeStatus}) ? Number(${AIEthicsOfficeStatus}) : 0 }% - Current Status: {status/code}"/>
                                <m:Text text="AI Ethics Office Review" class="sapUiSmallMarginTop"/>
                            </m:VBox>
                        </customControl>
                    </MicroProcessFlowItem>
                    <MicroProcessFlowItem>
                        <customControl>
                            <m:VBox alignItems="Center">
                                <microchart:RadialMicroChart
                                    alignContent="Center"
                                    size="Responsive"
                                    height="60px"
                                    percentage="{= Number(${PolicySelfAssessmentSubmitted}) ? Number(${PolicySelfAssessmentSubmitted}) : 0 }"
                                    valueColor="{= Number(${PolicySelfAssessmentSubmitted}) === 100 ? 'Good' : Number(${PolicySelfAssessmentSubmitted}) === 50 ? 'Critical' : 'Neutral' }"
                                    tooltip="Policy Self Assessment Progress: {= Number(${PolicySelfAssessmentSubmitted}) ? Number(${PolicySelfAssessmentSubmitted}) : 0 }% Complete"/>
                                <m:Text text="Policy Self Assessment" class="sapUiSmallMarginTop"/>
                            </m:VBox>
                        </customControl>
                    </MicroProcessFlowItem>
                </content>
            </MicroProcessFlow>
        </l:content>
    </l:VerticalLayout>
</core:FragmentDefinition>