<core:FragmentDefinition xmlns:core="sap.ui.core" xmlns="sap.m">
    <Table id="customCommentsTable" inset="false" items="{
        path: 'comment',
        sorter: { path: 'createdAt', descending: true }
    }">
        <columns>
            <Column width="20%">
                <Text text="Assessment Type" />
            </Column>
            <Column width="10%">
                <Text text="Version" />
            </Column>
            <Column width="50%">
                <Text text="Comment" />
            </Column>
            <Column width="15%">
                <Text text="Created By" />
            </Column>
            <Column width="15%">
                <Text text="Created At" />
            </Column>
        </columns>
        <items>
            <ColumnListItem>
                <cells>
                    <Text text="{groupedQuestionnaireResponse/questionnaire/questionnairetype_code}" />
                    <Text text="{groupedQuestionnaireResponse/version}" />
                    <Text text="{comment}" />
                    <Text text="{commentscreatedby/firstName} {commentscreatedby/lastName} ({commentscreatedby/ID})" />
                    <Text text="{createdAt}" />
                </cells>
            </ColumnListItem>
        </items>
    </Table>
</core:FragmentDefinition>