<core:FragmentDefinition xmlns:core="sap.ui.core" xmlns="sap.m" xmlns:macros="sap.fe.macros" xmlns:richtexteditor="sap.fe.macros.richtexteditor">
    <VBox>
        <!-- Title -->
        <Title text="AI Ethics Assessment at SAP" level="H2" />

        <!-- Bullet Points -->
        <List>
            <StandardListItem 
                title="1. Start with basic details" 
                description="This step can be done in the 'Basic Information' section. Provide the name, owner, and responsibility area of the AI use case. Ensure all mandatory fields are filled out." 
                wrapping="true" 
                highlight="Information" />
            <StandardListItem 
                title="2. AI Use Case Impact Assessment Form" 
                description="This step can be done in the 'Submission' section using the 'Start Use Case Impact Assessment' action. Fill out the form to assess the potential ethical, legal, and societal impacts of the AI use case. Include details about data usage, fairness, and transparency. This step will take approximately 15 minutes." 
                wrapping="true"
                highlight="Information" />
            <StandardListItem 
                title="3. Save Changes" 
                description="**Do not forget to click 'Save Changes'!** Save your progress in any section to ensure no data is lost. You can revisit and edit the form later if needed." 
                wrapping="true"
                highlight="Warning" />
            <StandardListItem 
                title="4. Send for Review" 
                description="This step can be done in the 'Submission' section. Submit the completed assessment for review by the ethics committee. They will evaluate the use case and provide feedback or approval." 
                wrapping="true"
                highlight="Information" />
            <StandardListItem 
                title="5. Submit Policy Self Assessment" 
                description="This step can be done in the 'Submission' section using the 'Start Policy Self Assessment' action. Complete the form to ensure compliance with SAP's AI ethics guidelines and policies. This step will take approximately 15 minutes." 
                wrapping="true"
                highlight="Information" />
            <StandardListItem 
                    title="In case changes in the Use Case Impact Assessment Form are requested, you can edit the 'latest submitted Use Case Impact Assessment Form' or submit another version using the 'Start Use Case Impact Assessment' action." 
                    wrapping="true"
                    highlight="Information"/>
            <StandardListItem 
                    title="Once the Use Case Impact Assessment is reviewed by the AI Ethics Committee, editing of the Use Case Impact Assessment Form and Basic Details will be disabled." 
                    wrapping="true"
                    highlight="Information" />
        </List>

        <!-- Information Message 
        <MessageStrip
            text="Please note: Start Use Case Impact Assessment and Start Policy Self Assessment Button in the 'Submission' section will only be visible after you click 'Edit' for an existing record."
            type="Information"
            showIcon="true"
            class="submission-info-message" /> -->

        <!-- Enhanced Notes Section 
        <VBox>
            <Text text="Please review the following important points regarding the Use Case Impact Assessment process:" 
                  wrapping="true" class="notes-intro" />

            <List>
                <StandardListItem 
                    title="➤ In case changes in the Use Case Impact Assessment Form are requested, you can edit the 'latest submitted Use Case Impact Assessment Form' or submit another version using the 'Start Use Case Impact Assessment' action." 
                    wrapping="true"/>
                <StandardListItem 
                    title="➤ Once the Use Case Impact Assessment is reviewed by the AI Ethics Committee, editing of the Use Case Impact Assessment Form and Basic Details will be disabled." 
                    wrapping="true" />
            </List>
        </VBox> -->
    </VBox>
</core:FragmentDefinition>