{
  "scopes": [
    {
      "name": "$XSAPPNAME.Admin",
      "description": "Admin"
    },
    {
      "name": "$XSAPPNAME.User",
      "description": "User"
    }
  ],
  "attributes": [],
  "role-templates": [
    {
      "name": "User",
      "description": "Role to use GBaaS Assessment app",
      "scope-references": [
        "$XSAPPNAME.User"
      ]
    },
    {
      "name": "Admin",
      "description": "Role to manage GBaaS Assessments and Questionnaire app",
      "scope-references": [
        "$XSAPPNAME.Admin"
      ]
    }
  ],
  "role-collections": [
    {
      "name": "GBS User",
      "description": "Role to use Geo-Blocking As Service Assessment app",
      "role-template-references": [
        "$XSAPPNAME.User"
      ]
    },
    {
      "name": "GBS Admin",
      "description": "Role to manage Geo-Blocking As Service and Questionnaire app",
      "role-template-references": [
        "$XSAPPNAME.Admin"
      ]
    }
  ],
  "authorities-inheritance": false,
  "oauth2-configuration": {
    "token-validity": 900,
    "credential-types": [
      "binding-secret",
      "instance-secret"
    ],
    "redirect-uris": [
      "https://**.eu10.applicationstudio.cloud.sap/**"
    ]
  }
}
