{
  "$schema": "https://devops-insights-pr-bot.cfapps.eu10-004.hana.ondemand.com/schema/pull_request_bot.json",
  "features": {
    "control_panel": false,
    "summarize": {
      "auto_generate_summary": true,
      "auto_insert_summary": true,
      "auto_run_on_draft_pr": true,
      "use_custom_summarize_prompt": false,
      "use_custom_summarize_output_template": false,
      "use_tabular_summarize_output_template": false
    },
    "review": {
      "auto_generate_review": true,
      "auto_run_on_draft_pr": true,
      "use_custom_review_focus": false
    }
  }
}
