<core:FragmentDefinition xmlns:core="sap.ui.core" xmlns:l="sap.ui.layout" xmlns="sap.m" xmlns:macros="sap.fe.macros">
	<VBox id="_IDGenVBox" core:require="{ handler: 'gbaas/assessmentreviewapp/ext/fragment/Comments'}">
	
        <l:Grid id="_IDGenGrid"  class="sapUiMediumMarginBottom" defaultSpan="XL3 L6 M6 S12" >
            <l:content>
                <FeedInput id="_IDGenFeedInput1"  showExceededText="true" maxLength="1000" class="sapUiMediumMarginTop" placeholder="Please add your comment here" post="handler.fnOnCommentPost" /> 
            </l:content>
        </l:Grid>

        <ScrollContainer id="_IDGenScrollContainer"  height="20rem"  width="100%"  vertical="true" >
            <List
                id="idCommentsList"
                noDataText="No Comments"
                showSeparators="Inner"
				 items="{path: 'comments',sorter: {path: 'createdAt',descending: true}}"
                >

                <CustomListItem id="_IDGenCustomListItem1" highlight="Success">

                    <!-- {= ${productFeedback>flag} ? 'Success': 'None'} -->
                    <!-- justifyContent="{= ${productFeedback>flag} ? 'End': 'Start'}" -->
                        <HBox id="_IDGenHBox1" alignItems="Start"  class="sapUiMediumMargin">
                            <VBox id="cjfcfvch" >
                                <Link id="debc"  text="{createdBy} ({createdAt}) :" ></Link>
                                <Text id="_IDGenLabel" text="{comment}" />
                            </VBox>

                                                                    
                        </HBox>
                    
                </CustomListItem>
            </List> 
        </ScrollContainer>
	</VBox>
</core:FragmentDefinition>

<!-- items="{comments}" -->