ID,TEXT,QUESTION_ID,SEQUENCE,EXPLANATION_REQUIRED,HIGH_RISK_SCORE
5f56d6b1-d4d3-41e8-a4e6-ae11e4c7b4e9,Standard solution development,fb270d8a-d433-4af9-b7f2-3eb22737a7c7,1,false,
0436103d-0137-4570-853d-15ecb4b72bbd,Internal development planned for SAP usage,fb270d8a-d433-4af9-b7f2-3eb22737a7c7,2,false,
afab75fb-dccd-40f7-8052-8f77be351866,Customer specific development,fb270d8a-d433-4af9-b7f2-3eb22737a7c7,3,false,
20c6bae8-8dba-4267-b07d-31479bb0f074,3rd party system planned for integration into SAP solution,fb270d8a-d433-4af9-b7f2-3eb22737a7c7,4,false,
7d0453e1-2478-439e-952c-3556e0cc904d,3rd party system planned for internal SAP usage,fb270d8a-d433-4af9-b7f2-3eb22737a7c7,5,false,
7f21507c-b0b1-4fce-bbc5-034886f71006,Partner developed system,fb270d8a-d433-4af9-b7f2-3eb22737a7c7,6,false,
0974aed2-b27a-49ce-8653-b7d88cf5ecc8,New AI use case idea for SAP,c95eb1b0-f605-468a-a8f5-1c88b887b5f9,1,false,
ce7e8487-ddd4-4bc3-b0f9-a26e1a2492f6,Existing AI use case,c95eb1b0-f605-468a-a8f5-1c88b887b5f9,2,false,
3a6e894e-9f32-4c20-a145-ccc11729152e,Other,c95eb1b0-f605-468a-a8f5-1c88b887b5f9,3,false,
10f0fb3f-990f-4d70-99ca-111dc1aa5caf,Ideation,24e26f97-b078-47f2-89c7-f75c076cd170,1,false,
eeb8b450-ac46-4420-b03c-4866e6a1fb99,Validation,24e26f97-b078-47f2-89c7-f75c076cd170,2,false,
d456bd44-8578-4a74-b046-22c9092f8a35,Realization,24e26f97-b078-47f2-89c7-f75c076cd170,3,false,
4f487938-4480-463c-9240-674ed4f07e8f,Productization,24e26f97-b078-47f2-89c7-f75c076cd170,4,false,
f67bb5f2-6ade-43b2-9a4d-af074527c240,Operations,24e26f97-b078-47f2-89c7-f75c076cd170,5,false,
2c10e981-b416-448c-88dd-2da7f44e216b,Other,24e26f97-b078-47f2-89c7-f75c076cd170,6,false,
197b27a8-6ca4-45db-93db-70f4e7c944c6,Open,1fb32290-5b28-4b2a-b843-8090f5e87a9d,1,false,
3fb64964-94e5-4f77-b8cc-5641c299f0b5,Planned,1fb32290-5b28-4b2a-b843-8090f5e87a9d,2,false,
3206bc9f-6bb9-41d2-897d-d8b030dd8217,Fulfilled,1fb32290-5b28-4b2a-b843-8090f5e87a9d,3,false,
139c5249-5d98-446e-b22d-0b31f0edaa17,Not applicable,1fb32290-5b28-4b2a-b843-8090f5e87a9d,4,false,
e1f452c2-362f-4d14-98b9-bb9294c913ca,Open,079dee3e-c946-408a-ac92-f0355e7bd809,1,false,
9c06c67b-b110-440d-a87e-ca4d35c8fbaa,Planned,079dee3e-c946-408a-ac92-f0355e7bd809,2,false,
4bcdd161-4384-4996-ac5a-8a26ca63e92d,Fulfilled,079dee3e-c946-408a-ac92-f0355e7bd809,3,false,
9ee257d6-8674-49e7-8c22-4cdb04bf09d1,Not applicable,079dee3e-c946-408a-ac92-f0355e7bd809,4,false,
d71e57d5-db57-4459-b1b6-22c5e7baa425,Open,0c662769-628e-4515-af5d-2da5dcf9b39b,1,false,
30462aac-0a61-49b4-b8c0-1de81d44ca5b,Planned,0c662769-628e-4515-af5d-2da5dcf9b39b,2,false,
82303aa4-32b5-4765-8581-e71acb6548a7,Fulfilled,0c662769-628e-4515-af5d-2da5dcf9b39b,3,false,
c1eca927-72fb-4b62-9103-d2a2d13dad8a,Not applicable,0c662769-628e-4515-af5d-2da5dcf9b39b,4,false,
e2ad2cca-2d1b-4383-a428-8e3228559a97,Open,d5352a45-495d-4258-88bb-26ad4383dc58,1,false,
b4673382-aa67-49da-b888-af7f82d71c7d,Planned,d5352a45-495d-4258-88bb-26ad4383dc58,2,false,
e67c7bf6-9065-4528-bf15-35b4c17366b8,Fulfilled,d5352a45-495d-4258-88bb-26ad4383dc58,3,false,
85d0ac3b-bd08-40fd-866c-f6947bdd18f8,Not applicable,d5352a45-495d-4258-88bb-26ad4383dc58,4,false,
00758e86-6e3e-49cd-816b-c45e5e2134b5,Open,9450bc32-a8b2-4682-ace3-db640a6d0545,1,false,
8e806552-135e-4b8d-8808-e1c33eb73d7a,Planned,9450bc32-a8b2-4682-ace3-db640a6d0545,2,false,
ea235c68-3212-4e78-9d02-97783aa061f3,Fulfilled,9450bc32-a8b2-4682-ace3-db640a6d0545,3,false,
e0bee6fb-ab6a-47a7-a6e4-dd077b4b2a18,Not applicable,9450bc32-a8b2-4682-ace3-db640a6d0545,4,false,
15ff4606-265f-42f7-8ae1-637a816d2f2b,Open,7d220725-5cff-4b8f-bffe-acd24c9287fd,1,false,
5b4af915-b851-484d-ae56-91ffb4b45e6e,Planned,7d220725-5cff-4b8f-bffe-acd24c9287fd,2,false,
e3be5816-8962-4c18-bdcf-5fae7bf25602,Fulfilled,7d220725-5cff-4b8f-bffe-acd24c9287fd,3,false,
7e893600-0e46-4581-9b99-3d8753143f5b,Not applicable,7d220725-5cff-4b8f-bffe-acd24c9287fd,4,false,
6bf374f3-4067-43b9-ac38-9f76d36d4d0f,Open,9c2f9176-51d0-4773-a27c-299e6ab4bfa8,1,false,
55d6897f-cdf7-436f-9a05-dcee9f2615e1,Planned,9c2f9176-51d0-4773-a27c-299e6ab4bfa8,2,false,
16d5d026-e7c1-46cb-b809-8fb344ed8818,Fulfilled,9c2f9176-51d0-4773-a27c-299e6ab4bfa8,3,false,
d15ce266-bd66-4337-8e28-f091f640d45a,Not applicable,9c2f9176-51d0-4773-a27c-299e6ab4bfa8,4,false,
d593710d-955a-4a00-8fb4-6f7486d18a29,Open,f42016e3-f34e-427d-8b4c-c03e96c1c850,1,false,
1bb6fb1a-735e-42df-8127-117b40067be3,Planned,f42016e3-f34e-427d-8b4c-c03e96c1c850,2,false,
51f8cf32-a401-48f9-bbe0-b7a8ecc71858,Fulfilled,f42016e3-f34e-427d-8b4c-c03e96c1c850,3,false,
cb727f90-e91a-45f5-9fa0-0fada173001e,Not applicable,f42016e3-f34e-427d-8b4c-c03e96c1c850,4,false,
70385b61-a937-43fc-b1d9-6c697f13cbf4,Open,1135e535-c548-4538-b528-3af10f59642d,1,false,
dded7638-4e6e-4bc3-8df4-29b32340aeac,Planned,1135e535-c548-4538-b528-3af10f59642d,2,false,
1c5b956e-db46-4b8c-8e28-f0ea3a52bea9,Fulfilled,1135e535-c548-4538-b528-3af10f59642d,3,false,
9e724079-11a7-40aa-954e-70b997bc64d9,Not applicable,1135e535-c548-4538-b528-3af10f59642d,4,false,
d442d886-0755-4a43-9602-d39768b101f4,Open,c948a889-36cd-47ef-a1fb-efd84b6ef97b,1,false,
9f23c968-928d-4079-9281-64b27c6d942c,Planned,c948a889-36cd-47ef-a1fb-efd84b6ef97b,2,false,
28a13b97-b86c-4b98-ab75-765a81324769,Fulfilled,c948a889-36cd-47ef-a1fb-efd84b6ef97b,3,false,
d4c3f9c4-14cd-4d55-bdd2-098e416bef90,Not applicable,c948a889-36cd-47ef-a1fb-efd84b6ef97b,4,false,
b37a6efa-bc07-45c3-adc9-98c811477d7d,Open,336bf4d4-35a6-4752-ba8a-bafc50d2f218,1,false,
68060b12-9186-45b0-925e-4bb62587d550,Planned,336bf4d4-35a6-4752-ba8a-bafc50d2f218,2,false,
d63eb4cc-19db-479a-b1f5-1bce3e63eadc,Fulfilled,336bf4d4-35a6-4752-ba8a-bafc50d2f218,3,false,
c22da17c-d4d9-4e17-9e70-c7e1e25e7d45,Not applicable,336bf4d4-35a6-4752-ba8a-bafc50d2f218,4,false,
c5767bc1-61a5-4aa8-b1b3-502337ef69ec,Open,75a9f510-9a55-4268-9dd2-17dac1c81243,1,false,
5df5d4c1-c797-4a34-bf3c-60784d005a3a,Planned,75a9f510-9a55-4268-9dd2-17dac1c81243,2,false,
78db0ceb-9441-4a1f-af73-9d3e9963e5ef,Fulfilled,75a9f510-9a55-4268-9dd2-17dac1c81243,3,false,
6973953f-793c-4019-8d9b-5bdab51833bc,Not applicable,75a9f510-9a55-4268-9dd2-17dac1c81243,4,false,
04b31d6b-2d54-4f6f-8573-254f79e62f54,Open,9b6f3426-099f-4600-986b-d7d043ccc79a,1,false,
66bee9f2-42a9-4ac7-b496-6bc5237e2d0a,Planned,9b6f3426-099f-4600-986b-d7d043ccc79a,2,false,
5dd8a537-272e-492f-b744-98786839bf6b,Fulfilled,9b6f3426-099f-4600-986b-d7d043ccc79a,3,false,
8b22ca16-2e9c-448f-af2c-8d97a19a7201,Not applicable,9b6f3426-099f-4600-986b-d7d043ccc79a,4,false,
2cf65f45-2562-41ce-97b8-640d4b913886,Open,2dd5f4e3-c891-4e99-afea-89cfa3c4a2fc,1,false,
7b48e395-5551-4092-82c9-ec02acd02cac,Planned,2dd5f4e3-c891-4e99-afea-89cfa3c4a2fc,2,false,
c3cf4303-c5f7-4a16-8949-8b8765994fdf,Fulfilled,2dd5f4e3-c891-4e99-afea-89cfa3c4a2fc,3,false,
1adf77cc-7816-47b1-aa8d-141622f3571c,Not applicable,2dd5f4e3-c891-4e99-afea-89cfa3c4a2fc,4,false,
d29b918f-e589-49ca-be30-480bec24ce57,Open,aa40882b-e169-46b5-94e5-5da0b7f2abcc,1,false,
4b921fcc-64ca-45c5-9516-9b5a79aa9edb,Planned,aa40882b-e169-46b5-94e5-5da0b7f2abcc,2,false,
ab3b3d2f-842e-44e3-90d2-df55b7a9e4a6,Fulfilled,aa40882b-e169-46b5-94e5-5da0b7f2abcc,3,false,
fba054d9-cfd2-483c-bf95-88214c20e16d,Not applicable,aa40882b-e169-46b5-94e5-5da0b7f2abcc,4,false,
836470dc-a8ce-41df-a9ab-530d1c8b5357,Open,4861ebf2-61f2-4521-9756-5440a06ea81e,1,false,
d421bcae-89a0-4bd1-b3d8-fb11ad26291d,Planned,4861ebf2-61f2-4521-9756-5440a06ea81e,2,false,
a39ff49f-3001-4bbc-a1e8-98d1bf3a7b61,Fulfilled,4861ebf2-61f2-4521-9756-5440a06ea81e,3,false,
0f6121c1-c029-4a8e-8efe-6ad484d35f2c,Not applicable,4861ebf2-61f2-4521-9756-5440a06ea81e,4,false,
482d228b-9177-4825-b313-ad02ff0fd44d,Open,41d88b4d-bb32-4855-ba68-c1d725620501,1,false,
6237bdf9-1b4b-4836-8743-c9ff2f86f666,Planned,41d88b4d-bb32-4855-ba68-c1d725620501,2,false,
4b7b8942-5f57-4ed5-b313-21bc1a5119d5,Fulfilled,41d88b4d-bb32-4855-ba68-c1d725620501,3,false,
74ccb7ad-a03f-4247-8b00-900b06518818,Not applicable,41d88b4d-bb32-4855-ba68-c1d725620501,4,false,
ee97781a-351f-4e0f-9104-79024307a484,Open,a4c2c66c-744c-48eb-9126-b5d57de978e8,1,false,
8d11fd80-8955-4ec2-b947-6a169fe70fe1,Planned,a4c2c66c-744c-48eb-9126-b5d57de978e8,2,false,
b283674f-3968-45ed-8002-0e0eb253e786,Fulfilled,a4c2c66c-744c-48eb-9126-b5d57de978e8,3,false,
d85a5b7e-a97a-4a50-9855-3ee5cde79f32,Not applicable,a4c2c66c-744c-48eb-9126-b5d57de978e8,4,false,
65dc2015-f07b-49b8-8688-5d2d21c5fdd8,Standard solution development,6dfb2dac-15fe-4bfe-8f07-e1424c48913d,1,false,
f8c60cd3-275a-46a4-a258-8113c2bb1ea8,Internal development planned for SAP usage,6dfb2dac-15fe-4bfe-8f07-e1424c48913d,2,false,
36aca1ba-201c-4dec-98b1-0e418759c810,Customer specific development,6dfb2dac-15fe-4bfe-8f07-e1424c48913d,3,false,
f125072e-d0cb-4add-8326-0e4975952711,3rd party system planned for integration into SAP solution,6dfb2dac-15fe-4bfe-8f07-e1424c48913d,4,false,
89dd2535-aefd-41a3-bb4f-fe2097953893,3rd party system planned for internal SAP usage,6dfb2dac-15fe-4bfe-8f07-e1424c48913d,5,false,
9bb15ffa-a434-4fab-87d3-2bba67610ba6,Partner developed system,6dfb2dac-15fe-4bfe-8f07-e1424c48913d,6,false,
b5dfa51f-5ce7-45cc-bce3-acfadc0e6a19,New AI use case idea for SAP,4dda5787-b36a-4454-aca1-24fd573e67f2,1,false,
235c1fe4-387c-4caf-a67f-68fa44ff3ab5,Existing AI use case,4dda5787-b36a-4454-aca1-24fd573e67f2,2,false,
74e1c71d-63f3-4303-87f6-6e83242302bd,Other,4dda5787-b36a-4454-aca1-24fd573e67f2,3,false,
10dacf9e-4088-4475-b269-4def4a242932,"Experimental The system is in the early development or research phase, with no immediate plans for productization.",2e3a934c-b272-4797-aa4b-405b2315e6a7,1,false,
3994de1f-a134-4787-8e0e-0819c22f5700,"Experimental with Potential for Productization: The system is being tested or piloted, with the possibility of becoming a product in the future.",2e3a934c-b272-4797-aa4b-405b2315e6a7,2,false,
da78cdb4-e922-485d-9da0-c617f6ac0062,Production-Ready: The system is intended for deployment as a fully operational product.,2e3a934c-b272-4797-aa4b-405b2315e6a7,3,false,
e82c68a2-7c39-442e-9c29-fadc71dfae90,"Already released/deployed: The system is fully operational and in use, with ongoing monitoring and planned feature enhancements or updates.",2e3a934c-b272-4797-aa4b-405b2315e6a7,4,false,
e0205c20-74ab-4580-b1fb-bc65b7ab315a,Other,2e3a934c-b272-4797-aa4b-405b2315e6a7,5,false,
1fe41571-cf4d-4209-9178-7f88f868c82a,Yes,f71b5334-bac2-417a-9774-4ae70c9ee8da,1,false,
b654727a-6f36-470c-bc27-fbfe72b4502e,No,f71b5334-bac2-417a-9774-4ae70c9ee8da,2,false,
68403f3f-ad74-48dd-9fb0-9b85de8dbb55,Yes,9d80d179-a241-4a35-bad5-def4b92b6b81,1,false,
e162f385-cf42-43dd-ab2f-d392d44d3a9c,No,9d80d179-a241-4a35-bad5-def4b92b6b81,2,false,
b16f622d-5f6d-4384-ab9f-3cb914fe1bfe,Yes,cf7f6238-c2d8-45c3-8c83-f968df8d956e,1,false,
3c2391b1-872f-4b7e-8ca9-80196148eece,No,cf7f6238-c2d8-45c3-8c83-f968df8d956e,2,false,
d05d683e-7ace-4e5d-be2b-4206f185d0b8,Yes,88baa0a3-8fe3-449c-b2d9-e45bd9c8f877,1,false,
6a3f5a2d-2b12-4d5b-b0ae-946e4229b833,No,88baa0a3-8fe3-449c-b2d9-e45bd9c8f877,2,false,
a630bf8f-9d2a-4d84-bb28-df48677e7990,Yes,09b07ade-6e7e-4a71-9e9a-22eb96d095a1,1,false,
8320b04d-ba2c-488c-affd-cf842724b2fe,No,09b07ade-6e7e-4a71-9e9a-22eb96d095a1,2,false,
d14169fd-f2b8-47f7-9fca-e5814a726614,Yes,b0a04869-c04a-4870-9032-fcf82c568ac6,1,false,
c573b72f-9a21-49d4-83a2-e5ad14863f49,No,b0a04869-c04a-4870-9032-fcf82c568ac6,2,false,
b9c6de0e-9831-4088-9ccb-f1209c17c5fe,Yes,d19fce63-ee87-4c3c-b0fc-5b21ee467f00,1,false,
09d062f9-3b8d-402c-9a79-f707f13e736c,No,d19fce63-ee87-4c3c-b0fc-5b21ee467f00,2,false,
57914f53-ede7-46ef-98b5-1b49f4a608a2,Yes,6d698727-c267-43fc-8277-23c7404c20fd,1,false,
a71c85b9-86d8-4628-bffd-73d00bebc0f3,No,6d698727-c267-43fc-8277-23c7404c20fd,2,false,
c7231c96-c986-4126-b3f5-c247d28a35d2,Yes,41426537-e417-4c67-8806-3b5511c1ca61,1,true,
7ac60e11-ebe1-4f20-bf84-4c54fc04e002,No,41426537-e417-4c67-8806-3b5511c1ca61,2,false,
aac6c5f7-7482-4146-bf62-a97243d16345,"No, the use case does not involve LLMs.",e209f651-1044-4f32-9860-e4b4212452b6,1,true,
f4d19c89-5d45-4851-b67a-e4651cb0b11e,"Yes, the use case involves LLMs, but no PII is passed to the LLM.",e209f651-1044-4f32-9860-e4b4212452b6,2,true,
b4461707-dfaa-4d74-a8e0-a096aada5f57,"Yes, the use case involves LLMs, and PII is passed to the LLM.",e209f651-1044-4f32-9860-e4b4212452b6,3,true,
40a7f792-11d4-4bb4-bf0b-8c4ab3e9ad59,Yes,2cfc8b42-b762-456d-8d71-373eda209dcf,1,true,
2d7adea2-757c-4f70-950f-97bc62c87884,"Yes, partially",2cfc8b42-b762-456d-8d71-373eda209dcf,2,true,
a6ce52a3-15e3-4ffe-bd3d-d6de89e30eb6,No,2cfc8b42-b762-456d-8d71-373eda209dcf,3,true,
e7a17ded-cdd6-4350-83d7-cfc558bb31da,Yes,5fcd262b-7009-4cfa-805e-64f21326da60,1,true,
e93a734a-30ee-4f6c-95b0-5f4cec2f441d,"Yes, but only partially",5fcd262b-7009-4cfa-805e-64f21326da60,2,true,
5e87bba4-f32e-4233-b967-c8b67810ce55,No,5fcd262b-7009-4cfa-805e-64f21326da60,3,false,
39011414-0d80-43a2-bbd2-f2109ff73adb,Yes,f3d18e23-1fa2-4dcf-a474-45d501ce1e6c,1,true,
e0801d0a-0702-4ddb-af71-b6a1580679b3,"Yes, but only partially",f3d18e23-1fa2-4dcf-a474-45d501ce1e6c,2,true,
2280a5e0-c0d2-4a96-8846-aa3c532a9965,No,f3d18e23-1fa2-4dcf-a474-45d501ce1e6c,3,true,
3283f900-e738-40e7-a00f-629addf23a40,Potentially Yes,d4128f51-a089-4aa8-ba5f-0748685294d7,1,true,
e1f90729-2762-48df-a6c1-a966a84b1acb,Definitely No,d4128f51-a089-4aa8-ba5f-0748685294d7,2,false,
eec91ac8-dc82-4c44-91f4-d838469c2925,Yes,2142d4a5-42bb-4408-93c7-36e36d918447,1,true,
b20b3677-7f47-4236-a5f9-ab460f9e0151,"Yes, but only partially",2142d4a5-42bb-4408-93c7-36e36d918447,2,true,
46706ac5-bc11-4736-a659-883ab18316f3,No,2142d4a5-42bb-4408-93c7-36e36d918447,3,true,
85ef4b9d-a0a8-434f-ad0d-53f3bb0900dc,Yes,77831d72-bef0-4802-98a4-69935effdc2e,1,true,
fd5e3e88-2ac3-4911-a839-93a9972048f6,No,77831d72-bef0-4802-98a4-69935effdc2e,2,true,
e49ecd66-b81e-4c60-9388-5a506ae0c05f,Yes,5d50b9bf-8f93-4730-bf32-407df26009b8,1,true,
b6aeec83-cc57-4a0a-b2ea-4f746ce168e8,No,5d50b9bf-8f93-4730-bf32-407df26009b8,2,false,
0bd01566-0187-4833-bdb2-749233194509,Yes,6502fdb4-a079-4fe5-a454-e2caa9a39397,1,true,
1b81c807-86e7-4aad-8e28-fe0f584768bb,No,6502fdb4-a079-4fe5-a454-e2caa9a39397,2,true,
91d852b5-7280-4452-ba4d-e5b6f79d5975,Agentic AI,6b5e4e23-55d0-4291-98db-24688933a97c,1,false,
9b3dd387-b6aa-457f-b43f-1513a8e6b72f,Generative AI,6b5e4e23-55d0-4291-98db-24688933a97c,2,false,
151d3866-639e-49e6-b64a-a0388fb07368,Other,6b5e4e23-55d0-4291-98db-24688933a97c,3,false,
1c299232-66cf-4f41-95d6-25b692042c74,"Global or enterprise-wide rollout, including SAP standard solutions used across customers, or internal SAP AI embedded into customer-facing offerings",2d16f759-41e7-4abb-aa53-5e54eddd6762,1,true,5
52231821-06b4-41e0-8830-fd9f2bc58c6f,"Multi-team or cross-unit deployment within SAP or across regional or functional groups at a customer",2d16f759-41e7-4abb-aa53-5e54eddd6762,2,true,4
78ebc936-7f3d-47dc-a977-7921b8066040,"Department-level use, such as internal tools for a specific SAP or customer department, or a targeted custom solution",2d16f759-41e7-4abb-aa53-5e54eddd6762,3,true,3
0dabe340-de92-43f7-8252-8ebf960205c0,"Team-level or limited rollout, such as internal-only tools, test deployments, or early-stage pilots for a controlled group",2d16f759-41e7-4abb-aa53-5e54eddd6762,4,true,2
44383da8-dea3-4bea-806d-dc62f6b85834,"Experimental or sandboxed use, such as isolated PoCs, development-stage models, or restricted lab environments",2d16f759-41e7-4abb-aa53-5e54eddd6762,5,true,1
bec17e8b-f5f2-42d2-a238-7b60d7932af2,"Highly sensitive personal data (e.g.,biometric, genetic, health, racial/ethnic origin)",7c010102-b277-4bea-bbeb-9d085f9a2033,1,true,5
374ed33b-894d-4c58-9e8e-fa3df24546e1,"Sensitive domain data (e.g., financial, legal, behavioral, criminal history)",7c010102-b277-4bea-bbeb-9d085f9a2033,2,true,4
c2bd5608-f796-46bf-8fc6-ecc605898033,"Identifiable personal data (e.g., name, email, contact, ID numbers)",7c010102-b277-4bea-bbeb-9d085f9a2033,3,true,3
5666b9e7-7cf0-4f51-9d6e-a9fe0e8a8382,Pseudonymized data with potential for re-identification,7c010102-b277-4bea-bbeb-9d085f9a2033,4,true,2
4973c16d-921e-491e-ad59-c923a57de46c,No personal data involved at any stage,7c010102-b277-4bea-bbeb-9d085f9a2033,5,true,1
0c570cf9-4626-4779-8cd9-1028e7b18355,"Personal data is actively used or required at runtime or retraining",72cce4d4-56a0-497d-a2d8-823d25919ee0,1,true,1
9d6a8e1a-4b51-47ae-b6bb-db1333bbd513,"Personal data is accessed through specific components or workflows",72cce4d4-56a0-497d-a2d8-823d25919ee0,2,true,0.85
98e17411-0c15-49da-8ce0-5f6ec4e57e38,"Possible incidental personal data exposure (e.g., input fields, user content)",72cce4d4-56a0-497d-a2d8-823d25919ee0,3,true,0.7
510db59d-6fb1-4bbe-8bdd-d761329fee09,Very rare or limited edge-case scenarios only,72cce4d4-56a0-497d-a2d8-823d25919ee0,4,true,0.65
a2b2b667-24a9-4b3e-95dd-1b4ae10e36c1,"Personal data is no longer used or accessible (e.g., fully anonymized, discarded)",72cce4d4-56a0-497d-a2d8-823d25919ee0,5,true,0.5
3739d5e0-d977-4b7b-ac70-a33e31b68a60,"No safeguards applied, personal data processed without protection",b0d4bc05-34de-4cd3-8cc4-f9e156a47445,1,true,5
bfa6d324-5288-4ed9-a3a1-bb497c787e61,Partial safeguards applied or not fully enforced,b0d4bc05-34de-4cd3-8cc4-f9e156a47445,2,true,4
ab9abb27-60f9-4bce-8372-e7be18740192,"Basic controls (e.g. pseudonymization, limited access, inconsistent governance)",b0d4bc05-34de-4cd3-8cc4-f9e156a47445,3,true,3
d4fc2d5e-5b65-4210-ae49-e595ef885f07,"Robust controls in place (e.g. enforced anonymization, access restriction, audit logging)",b0d4bc05-34de-4cd3-8cc4-f9e156a47445,4,true,2
b7f3722b-b916-40f6-8a29-f3650a6eaa9b,"Not applicable, personal data are no longer involved or has been irreversibly removed",b0d4bc05-34de-4cd3-8cc4-f9e156a47445,5,true,1
6e18268c-f953-4437-86e0-c49b20304a71,Yes,8a1a9b91-2cb2-48d5-a51d-914c1d9aec35,1,true,
73960a05-f3f7-4897-a3a7-788a693d3eb7,"Yes, partially",8a1a9b91-2cb2-48d5-a51d-914c1d9aec35,2,true,
89b84283-ff57-4c73-a953-9d3beb081e6f,No,8a1a9b91-2cb2-48d5-a51d-914c1d9aec35,3,true,
0cb4fe66-903a-4e33-8196-3b70882e646d,"Fully autonomous decision-making, outcomes are final without human review",40375e36-1247-4cab-b3a1-5d26203de213,1,true,5
aaec5f03-c9fa-45b4-bccf-23023a049e06,AI output strongly influences decisions with minimal human input,40375e36-1247-4cab-b3a1-5d26203de213,2,true,4
f0726c22-e18b-4e47-9559-e3935c9ddfb1,Supports decisions through recommendations or rankings,40375e36-1247-4cab-b3a1-5d26203de213,3,true,3
6a821a4c-d6ae-4f88-a3b9-b10f472971a4,"Suggests options only, human retains clear decision authority",40375e36-1247-4cab-b3a1-5d26203de213,4,true,2
0ab5e4e8-a86e-4b7a-afec-c0e059b98108,"Provides insights or analytics only, no decisioning influence",40375e36-1247-4cab-b3a1-5d26203de213,5,true,1
f799dc40-3de8-4faa-9098-f06e161c9895,"No oversight or review possible — fully autonomous, opaque logic",c2a6e0ba-24bf-4636-90b3-9c88ef59551c,1,true,5
1245f1f9-85b0-4c1c-8a49-15da6150c830,Post-hoc audit only — decisions can be reviewed but not intervened on,c2a6e0ba-24bf-4636-90b3-9c88ef59551c,2,true,4
ca97c7e0-5873-4bdb-8702-2d2dcba0929d,Real-time monitoring with possibility for intervention,c2a6e0ba-24bf-4636-90b3-9c88ef59551c,3,true,3
aa37b42a-8dfc-4b0c-abbe-c4fa3b246d29,Human validation required before decisions are enacted,c2a6e0ba-24bf-4636-90b3-9c88ef59551c,4,true,2
13e2ddbc-f6d4-46c5-af65-8f88e7928876,Not applicable — AI system does not influence decisions,c2a6e0ba-24bf-4636-90b3-9c88ef59551c,5,true,1
f0af8a89-a33f-49fb-807b-b0638850a060,"Very likely due to complex, poorly understood logic",2f74c363-6815-4a1a-8fb2-bed37312116b,1,true,1
1cac35e5-5720-4ebf-a7ff-f5b7539c293c,Likely in common or untested scenarios,2f74c363-6815-4a1a-8fb2-bed37312116b,2,true,0.85
78e1e4d3-0c48-4a52-9aff-92f12e481944,Moderate risk under specific input conditions,2f74c363-6815-4a1a-8fb2-bed37312116b,3,true,0.7
98fffd06-05cc-46a9-849a-7b5426bddedf,Unlikely unless system is misused or shifted out of original context,2f74c363-6815-4a1a-8fb2-bed37312116b,4,true,0.65
6e2ce46a-8f49-4342-a00e-43b141a2c07a,"Not expected — system is simple, tested, and non-impactful",2f74c363-6815-4a1a-8fb2-bed37312116b,5,true,0.5
6eb667c8-8395-476c-a8e4-1d79587c4971,"Determines life-altering outcomes (e.g. hiring, credit, medical access, legal decisions)",df6fc1c1-4c5e-4cba-8d2b-8011c04bf182,1,true,5
fe4c273f-b4f7-4c43-a3a3-b27f03dc7c7a,"Strongly influences major life events (e.g. school admissions, eligibility ranking)",df6fc1c1-4c5e-4cba-8d2b-8011c04bf182,2,true,4
d0ceac57-f5b8-41fe-b628-644a48c89031,Impacts access to services or opportunities (but not determinative),df6fc1c1-4c5e-4cba-8d2b-8011c04bf182,3,true,3
6c91613c-6023-40f8-a97a-30d3f611ee20,"Affects low-impact, reversible decisions (e.g. recommendations, prioritization)",df6fc1c1-4c5e-4cba-8d2b-8011c04bf182,4,true,2
7b94c3d5-1370-4b44-9fab-97493fe14bd0,No direct or indirect effect on individuals,df6fc1c1-4c5e-4cba-8d2b-8011c04bf182,5,true,1
f7e09028-fe33-4011-8713-d37d60cb362c,"No safeguards in place (e.g. opaque model logic, no appeals, no visibility)",520c6ee2-09f7-4638-83d5-615feccf67ab,1,true,5
f2f42b7f-ebe4-486d-8c3c-a4da9760ad99,Partial or weak safeguards with limited implementation,520c6ee2-09f7-4638-83d5-615feccf67ab,2,true,4
142588eb-9b07-446c-99c3-401708ca7f2a,"Planned or partially implemented mitigation (e.g. explainability, bias checks underway)",520c6ee2-09f7-4638-83d5-615feccf67ab,3,true,3
6a5c3a82-060f-402a-8abc-e24311b295c1,"Robust safeguards and escalation paths (e.g. bias audits, human-in-the-loop, appeal options)",520c6ee2-09f7-4638-83d5-615feccf67ab,4,true,2
f025026d-2963-43bd-a5df-97062b1ebdd8,Not applicable — use case has no identifiable consequences for people,520c6ee2-09f7-4638-83d5-615feccf67ab,5,true,1
119b9997-a832-48fe-9cc4-e7cc6f948061,High likelihood of harm due to complexity or lack of guardrails,054b7207-8ae2-41fb-90e6-52652f02d355,1,true,1
50985e89-121b-41ac-9ea7-9ab2e74adc85,Likely in common workflows or customer scenarios,054b7207-8ae2-41fb-90e6-52652f02d355,2,true,0.85
70d51e9f-9cb5-468e-ab58-ed8aa722f622,Moderate risk in specific subpopulations or conditions,054b7207-8ae2-41fb-90e6-52652f02d355,3,true,0.7
e9505bfb-6bbe-4dca-9921-71a72f5891df,Unlikely except in rare misuse or significant context shift,054b7207-8ae2-41fb-90e6-52652f02d355,4,true,0.65
f38d65ea-1380-4e9a-8b70-3bb67fc95953,Harm is not expected — low-stakes and fully controlled system,054b7207-8ae2-41fb-90e6-52652f02d355,5,true,0.5
3778880d-0bed-4f34-9e76-8bcca28ae3f0,"High-stakes domains (e.g. healthcare, justice, finance, hiring)",30a86192-7613-44ae-b888-edaf9eac9ad4,1,true,5
4ae9e372-ddfd-42e4-8f3d-e2b254dc0be7,"Sensitive services (e.g. insurance, education, HR automation)",30a86192-7613-44ae-b888-edaf9eac9ad4,2,true,4
867ad94e-f713-4393-8b32-49a36902f399,"Moderate-impact areas (e.g. customer scoring, procurement)",30a86192-7613-44ae-b888-edaf9eac9ad4,3,true,3
52ea606d-7c0e-48dc-a5df-7a32ff5a99c6,Low-risk business functions (e.g. internal resource planning),30a86192-7613-44ae-b888-edaf9eac9ad4,4,true,2
e12cac8d-e523-4845-a1f7-c3dd90b66e66,Non-sensitive or administrative context only,30a86192-7613-44ae-b888-edaf9eac9ad4,5,true,1
ddde6579-b926-4d9a-ad16-9c7cb4bfdf36,Irreversible impact or reputational/legal consequence,9a3036d4-a501-4da8-a1f3-fc5705341cf1,1,true,5
04653d13-4101-4b59-b7bb-ad1bbdbd3b14,Difficult to correct or enforce safeguards consistently,9a3036d4-a501-4da8-a1f3-fc5705341cf1,2,true,4
7d802f66-2b67-4890-afed-c2c553eb3c55,Recoverable but requires internal/external escalation,9a3036d4-a501-4da8-a1f3-fc5705341cf1,3,true,3
0a7f3ce7-8e52-4069-adc3-710fd05f6c42,Recovery mechanisms and controls already embedded,9a3036d4-a501-4da8-a1f3-fc5705341cf1,4,true,2
9f4fde7c-2bb0-404e-a9e0-1644c958a652,No mitigation needed — no foreseeable harm,9a3036d4-a501-4da8-a1f3-fc5705341cf1,5,true,1
3d29e899-4e7d-4712-99ea-97e74778a80a,"Very likely — known risks, evolving context, limited oversight",7ae821a0-dc77-4a24-9d39-0b7b34b20162,1,true,1
b99d5c31-528f-4bcb-bc60-07d6bca4f1cc,High likelihood of disruption or bias,7ae821a0-dc77-4a24-9d39-0b7b34b20162,2,true,0.85
0da669a5-9115-439b-a81f-184413a542ad,Moderate risk in certain workflows or datasets,7ae821a0-dc77-4a24-9d39-0b7b34b20162,3,true,0.7
1711ee67-8115-45a5-ad6b-a6abf102d8ac,Unlikely unless extreme misuse occurs,7ae821a0-dc77-4a24-9d39-0b7b34b20162,4,true,0.65
24971a9a-e408-4733-aabe-fddf59d998fb,"Not expected — domain is mature, well-controlled, and low complexity",7ae821a0-dc77-4a24-9d39-0b7b34b20162,5,true,0.5