ID;createdAt;createdBy;modifiedAt;modifiedBy;start;end;classification_code;questionnaire_id
ccdfffc4-4640-4cbc-aa59-d5f7dad7841f;2025-10-28T17:30:22+0530;;2025-10-28T17:30:22+0530;;-1;5;Standard;5e20082d-4baa-457e-8bc5-ca962475ae0f
3886823d-4e4b-44d8-8be7-95cb092b3331;2025-10-28T17:30:23+0530;;2025-10-28T17:30:23+0530;;5;8;Limited Risk;5e20082d-4baa-457e-8bc5-ca962475ae0f
95826ddb-0022-40b1-a5a4-f7f4f19c4c60;2025-10-28T17:30:24+0530;;2025-10-28T17:30:24+0530;;8;10;Controlled High Risk;5e20082d-4baa-457e-8bc5-ca962475ae0f
90537598-4419-4a2f-9607-b2531f74b8f0;2025-10-28T17:30:24+0530;;2025-10-28T17:30:24+0530;;10;12;Critical High Risk;5e20082d-4baa-457e-8bc5-ca962475ae0f
16fe1915-dc23-4e8a-8d1f-ae19c001b3ae;2025-10-28T17:30:25+0530;;2025-10-28T17:30:25+0530;;12;50;Prohibited;5e20082d-4baa-457e-8bc5-ca962475ae0f