ID;createdAt;createdBy;modifiedAt;modifiedBy;text
5a1b181d-62b3-4089-b0c4-56a2372655a1;2025-06-10T15:28:11+0530;admin;2025-06-10T15:28:11+0530;admin;General Usecase Information
0f9da9ad-3c19-4e46-8356-3a2157ec7ea8;2025-06-10T23:20:32+0530;admin;2025-06-10T23:20:32+0530;admin;Harmlessness, Safety and Security
317234da-92ed-43b1-bc11-3e9306a136a5;2025-06-10T23:50:18+0530;admin;2025-06-10T23:50:18+0530;admin;Enable Human Agency and Oversight
d3bc3a26-a510-48c1-b0ce-960014c5d1bd;2025-06-11T12:50:00+0530;admin;2025-06-11T12:50:00+0530;admin;Ensure Transparency and Explainability
16c7cfd8-54f7-4d83-b8b8-2d2ecb564323;2025-06-19T18:09:38+0530;admin;2025-06-19T18:09:38+0530;admin;Determining Prohibited Use Cases
26192b84-ea24-449d-8a4e-44a2cb928e4c;2025-06-19T18:18:00+0530;admin;2025-06-19T18:18:00+0530;admin;Determining High-Risk Use Cases
e9edd955-0868-4e3f-bc7b-0c44df0ef54a;2025-07-18T13:39:26+0530;admin;2025-07-18T13:39:26+0530;admin;Avoid Bias and Discrimination
ce852734-bf40-435f-9135-0fed8e99fe7a;2025-07-18T13:39:26+0530;admin;2025-07-18T13:39:26+0530;admin;EU AI Act Compliance Assessment