name;descr;code
BDC&I;BDC&I;BDCI
BTM;BTM;BTM
BTP;BTP;BTP
Cross-Product;Cross-Product;CrossProduct
Customer Experience;Customer Experience;CustomerExperience
Industries;Industries;Industries
SAP Business AI;SAP Business AI;SAPBusinessAI
SAP S/4HANA;SAP S/4HANA;SAPS4HANA
SAP S/4HANA Public Edition;SAP S/4HANA Public Edition;SAPS4HANAPublicEdition
SAP S/4HANA Private Edition;SAP S/4HANA Private Edition;SAPS4HANAPrivateEdition
SAP SuccessFactors;SAP SuccessFactors;SAPSuccessFactors
Spend Management;Spend Management;SpendManagement
Supply Chain Management;Supply Chain Management;SupplyChainManagement
Sustainability;Sustainability;Sustainability
Taulia;Taulia;Taulia
Transformation;Transformation;Transformation