ID,CREATEDAT,CREATEDBY,MODIFIEDAT,MODIFIEDBY,QUESTIONNUMBER,QUESTIONTEXT,QUESTIONID,RESPONSETYPE_CODE,SECTION_ID,QUESTIONNAIRE_ID,ISREQUIRED,POLICYDESCRIPTION,EXAMPLES,highRiskFramework_code,riskQuestionType_code
fb270d8a-d433-4af9-b7f2-3eb22737a7c7,2025-06-10T23:50:18+0530,admin,2025-06-10T23:50:18+0530,admin,1,Select the use case type,PS1A,CHOICE,5a1b181d-62b3-4089-b0c4-56a2372655a1,a8899766-d350-43b2-ab1f-a67a5d139f9b,true,,,,
e3447536-01b3-4b1c-a52f-126a2b0ad061,2025-06-10T23:50:18+0531,admin,2025-06-10T23:50:18+0531,admin,2,Name of 3rd party use case,PS2B,TEXT,5a1b181d-62b3-4089-b0c4-56a2372655a1,a8899766-d350-43b2-ab1f-a67a5d139f9b,true,,,,
4b28d0e6-63dc-4392-b29f-ff6524068419,2025-06-10T23:50:18+0532,admin,2025-06-10T23:50:18+0532,admin,2,Name of partner use case,PS2C,TEXT,5a1b181d-62b3-4089-b0c4-56a2372655a1,a8899766-d350-43b2-ab1f-a67a5d139f9b,true,,,,
0210a939-81fa-4a22-b7af-f987829c3d78,2025-06-10T23:50:18+0533,admin,2025-06-10T23:50:18+0533,admin,3,Name of developing company:,PS3B,TEXT,5a1b181d-62b3-4089-b0c4-56a2372655a1,a8899766-d350-43b2-ab1f-a67a5d139f9b,true,,,,
c74cc064-7b2a-4c58-80b5-377e04bbcb60,2025-06-10T23:50:18+0534,admin,2025-06-10T23:50:18+0534,admin,3,Name of partner,PS3C,TEXT,5a1b181d-62b3-4089-b0c4-56a2372655a1,a8899766-d350-43b2-ab1f-a67a5d139f9b,true,,,,
a12d21b3-157d-4712-8407-607bbb547ee6,2025-06-10T23:50:18+0536,admin,2025-06-10T23:50:18+0536,admin,4,Business owner responsible for procuring the 3rd party use case:,PS4C,TEXT,5a1b181d-62b3-4089-b0c4-56a2372655a1,a8899766-d350-43b2-ab1f-a67a5d139f9b,true,,,,
c61a53e5-9a66-49c4-a4a5-ebd0b68d5fe4,2025-06-10T23:50:18+0537,admin,2025-06-10T23:50:18+0537,admin,4,Developing business unit,PS4B,TEXT,5a1b181d-62b3-4089-b0c4-56a2372655a1,a8899766-d350-43b2-ab1f-a67a5d139f9b,true,,,,
e309bbfc-5f2c-42d2-a5ea-a65d1c540ff1,2025-06-10T23:50:18+0538,admin,2025-06-10T23:50:18+0538,admin,4,Type of partner engagement for the use case:,PS4D,TEXT,5a1b181d-62b3-4089-b0c4-56a2372655a1,a8899766-d350-43b2-ab1f-a67a5d139f9b,true,,"SolEx, Co-Sell",,
3e65389f-afc6-4473-8ae7-aca6a1635158,2025-06-10T23:50:18+0540,admin,2025-06-10T23:50:18+0540,admin,5,Target business unit for deployment,PS5B,TEXT,5a1b181d-62b3-4089-b0c4-56a2372655a1,a8899766-d350-43b2-ab1f-a67a5d139f9b,true,,,,
e9758afa-cf4a-4798-b4f3-4fbae165115a,2025-06-10T23:50:18+0541,admin,2025-06-10T23:50:18+0541,admin,5,Business unit responsible for procuring the 3rd party use case,PS5C,TEXT,5a1b181d-62b3-4089-b0c4-56a2372655a1,a8899766-d350-43b2-ab1f-a67a5d139f9b,true,,,,
313d669e-6ed1-4d9f-be3e-56651867c647,2025-06-10T23:50:18+0542,admin,2025-06-10T23:50:18+0542,admin,5,Business owner at SAP,PS5D,TEXT,5a1b181d-62b3-4089-b0c4-56a2372655a1,a8899766-d350-43b2-ab1f-a67a5d139f9b,true,,,,
ef2c3f10-7222-4603-939d-b8f3e70343fc,2025-06-10T23:50:18+0544,admin,2025-06-10T23:50:18+0544,admin,6,SAP solutions planned for integration,PS6B,TEXT,5a1b181d-62b3-4089-b0c4-56a2372655a1,a8899766-d350-43b2-ab1f-a67a5d139f9b,true,,,,
c95eb1b0-f605-468a-a8f5-1c88b887b5f9,2025-06-10T23:50:18+0545,admin,2025-06-10T23:50:18+0545,admin,7,Type of use case,PS7A,CHOICE,5a1b181d-62b3-4089-b0c4-56a2372655a1,a8899766-d350-43b2-ab1f-a67a5d139f9b,true,,,,
b736b777-2327-4b9f-a886-7f6899a9b657,2025-06-10T23:50:18+0546,admin,2025-06-10T23:50:18+0546,admin,8,"Describe the use case and its purpose to explain why it is needed, how it will be used and who would have access to this AI. Is the model trained by SAP or by its customers?",PS8A,TEXT,5a1b181d-62b3-4089-b0c4-56a2372655a1,a8899766-d350-43b2-ab1f-a67a5d139f9b,true,,,,
24e26f97-b078-47f2-89c7-f75c076cd170,2025-06-10T23:50:18+0547,admin,2025-06-10T23:50:18+0547,admin,9,What is the current product development life cycle stage?,PS9A,CHOICE,5a1b181d-62b3-4089-b0c4-56a2372655a1,a8899766-d350-43b2-ab1f-a67a5d139f9b,true,,,,
1fb32290-5b28-4b2a-b843-8090f5e87a9d,2025-06-10T23:50:18+0548,admin,2025-06-10T23:50:18+0548,admin,10,What is the current status of this requirement,PS10A,CHOICE,0f9da9ad-3c19-4e46-8356-3a2157ec7ea8,a8899766-d350-43b2-ab1f-a67a5d139f9b,true,Proportionality and Do Not Harm,,,
601b032b-92bc-4951-87be-a9949a8b85c6,2025-06-10T23:50:18+0549,admin,2025-06-10T23:50:18+0549,admin,11,Please provide more information on the current status: Why is this requirement still open? What are the problems you might encounter? Is there anything unclear about this requirement?,PS11A,TEXT,0f9da9ad-3c19-4e46-8356-3a2157ec7ea8,a8899766-d350-43b2-ab1f-a67a5d139f9b,true,,,,
325aca5b-74b4-4c73-b9cd-cc4d6a5a0877,2025-06-10T23:50:18+0550,admin,2025-06-10T23:50:18+0550,admin,11,"Please provide more information on the current status: When are you going to fulfill this requirement (date, stage of lifecycle)? How are you going to fulfill this requirement? Is there anything unclear about this requirement?",PS11B,TEXT,0f9da9ad-3c19-4e46-8356-3a2157ec7ea8,a8899766-d350-43b2-ab1f-a67a5d139f9b,true,,,,
6594a2e8-ea4d-40b1-8619-9d36f0e7ec58,2025-06-10T23:50:18+0551,admin,2025-06-10T23:50:18+0551,admin,11,"Please provide more information on the current status: When did you fulfill this requirement (date, stage of lifecycle)? How did you fulfill this requirement?",PS11C,TEXT,0f9da9ad-3c19-4e46-8356-3a2157ec7ea8,a8899766-d350-43b2-ab1f-a67a5d139f9b,true,,,,
06c587d4-a6b7-4a4e-8682-7c63529817ba,2025-06-10T23:50:18+0552,admin,2025-06-10T23:50:18+0552,admin,11,Please provide more information on the current status: Why is this requirement not applicable?,PS11D,TEXT,0f9da9ad-3c19-4e46-8356-3a2157ec7ea8,a8899766-d350-43b2-ab1f-a67a5d139f9b,true,,,,
079dee3e-c946-408a-ac92-f0355e7bd809,2025-06-10T23:50:18+0553,admin,2025-06-10T23:50:18+0553,admin,12,What is the current status of this requirement,PS12A,CHOICE,0f9da9ad-3c19-4e46-8356-3a2157ec7ea8,a8899766-d350-43b2-ab1f-a67a5d139f9b,true,,,,
d61819ce-56cd-4d5c-90ce-d8bc057ec4ea,2025-06-10T23:50:18+0554,admin,2025-06-10T23:50:18+0554,admin,13,Please provide more information on the current status: Why is this requirement still open? What are the problems you might encounter? Is there anything unclear about this requirement?,PS13A,TEXT,0f9da9ad-3c19-4e46-8356-3a2157ec7ea8,a8899766-d350-43b2-ab1f-a67a5d139f9b,true,,,,
123be316-861c-4a89-b96c-14775a45e7c5,2025-06-10T23:50:18+0555,admin,2025-06-10T23:50:18+0555,admin,13,"Please provide more information on the current status: When are you going to fulfill this requirement (date, stage of lifecycle)? How are you going to fulfill this requirement? Is there anything unclear about this requirement?",PS13B,TEXT,0f9da9ad-3c19-4e46-8356-3a2157ec7ea8,a8899766-d350-43b2-ab1f-a67a5d139f9b,true,,,,
a80c7d62-9a07-48f7-9653-8ab570f4a2bd,2025-06-10T23:50:18+0556,admin,2025-06-10T23:50:18+0556,admin,13,"Please provide more information on the current status: When did you fulfill this requirement (date, stage of lifecycle)? How did you fulfill this requirement?",PS13C,TEXT,0f9da9ad-3c19-4e46-8356-3a2157ec7ea8,a8899766-d350-43b2-ab1f-a67a5d139f9b,true,,,,
d3f38910-4f2a-4481-96ec-4e65829ebdfc,2025-06-10T23:50:18+0557,admin,2025-06-10T23:50:18+0557,admin,13,Please provide more information on the current status: Why is this requirement not applicable?,PS13D,TEXT,0f9da9ad-3c19-4e46-8356-3a2157ec7ea8,a8899766-d350-43b2-ab1f-a67a5d139f9b,true,,,,
0c662769-628e-4515-af5d-2da5dcf9b39b,2025-06-10T23:50:18+0558,admin,2025-06-10T23:50:18+0558,admin,14,What is the current status of this requirement,PS14A,CHOICE,0f9da9ad-3c19-4e46-8356-3a2157ec7ea8,a8899766-d350-43b2-ab1f-a67a5d139f9b,true,,,,
1d7a4733-2aca-4ebb-9de7-cc97644c0292,2025-06-10T23:50:18+0559,admin,2025-06-10T23:50:18+0559,admin,15,Please provide more information on the current status: Why is this requirement still open? What are the problems you might encounter? Is there anything unclear about this requirement?,PS15A,TEXT,0f9da9ad-3c19-4e46-8356-3a2157ec7ea8,a8899766-d350-43b2-ab1f-a67a5d139f9b,true,,,,
858f286a-a859-4abe-9b35-b59256b6b6b1,2025-06-10T23:50:18+0560,admin,2025-06-10T23:50:18+0560,admin,15,"Please provide more information on the current status: When are you going to fulfill this requirement (date, stage of lifecycle)? How are you going to fulfill this requirement? Is there anything unclear about this requirement?",PS15B,TEXT,0f9da9ad-3c19-4e46-8356-3a2157ec7ea8,a8899766-d350-43b2-ab1f-a67a5d139f9b,true,,,,
640ffd25-946e-43b1-8499-a0ee1bf8c985,2025-06-10T23:50:18+0561,admin,2025-06-10T23:50:18+0561,admin,15,"Please provide more information on the current status: When did you fulfill this requirement (date, stage of lifecycle)? How did you fulfill this requirement?",PS15C,TEXT,0f9da9ad-3c19-4e46-8356-3a2157ec7ea8,a8899766-d350-43b2-ab1f-a67a5d139f9b,true,,,,
0af7f9ed-fcb3-4058-8a79-ecbc10940445,2025-06-10T23:50:18+0562,admin,2025-06-10T23:50:18+0562,admin,15,Please provide more information on the current status: Why is this requirement not applicable?,PS15D,TEXT,0f9da9ad-3c19-4e46-8356-3a2157ec7ea8,a8899766-d350-43b2-ab1f-a67a5d139f9b,true,,,,
d5352a45-495d-4258-88bb-26ad4383dc58,2025-06-10T23:50:18+0563,admin,2025-06-10T23:50:18+0563,admin,16,What is the current status of this requirement,PS16A,CHOICE,0f9da9ad-3c19-4e46-8356-3a2157ec7ea8,a8899766-d350-43b2-ab1f-a67a5d139f9b,true,,,,
83a54209-f369-4505-9ae4-1ec4665eb3b1,2025-06-10T23:50:18+0564,admin,2025-06-10T23:50:18+0564,admin,17,Please provide more information on the current status: Why is this requirement still open? What are the problems you might encounter? Is there anything unclear about this requirement?,PS17A,TEXT,0f9da9ad-3c19-4e46-8356-3a2157ec7ea8,a8899766-d350-43b2-ab1f-a67a5d139f9b,true,,,,
0e1ba7b4-cef3-448a-9aac-f9d334757b55,2025-06-10T23:50:18+0565,admin,2025-06-10T23:50:18+0565,admin,17,"Please provide more information on the current status: When are you going to fulfill this requirement (date, stage of lifecycle)? How are you going to fulfill this requirement? Is there anything unclear about this requirement?",PS17B,TEXT,0f9da9ad-3c19-4e46-8356-3a2157ec7ea8,a8899766-d350-43b2-ab1f-a67a5d139f9b,true,,,,
2613b2e3-94e1-4d29-bfd4-112dc8db1bbb,2025-06-10T23:50:18+0566,admin,2025-06-10T23:50:18+0566,admin,17,Please provide more information on the current status: Why is this requirement not applicable?,PS17C,TEXT,0f9da9ad-3c19-4e46-8356-3a2157ec7ea8,a8899766-d350-43b2-ab1f-a67a5d139f9b,true,,,,
d8bfa908-b8b6-4d8c-95ac-b8c5ed255189,2025-06-10T23:50:18+0567,admin,2025-06-10T23:50:18+0567,admin,17,Please provide more information on the current status: Why is this requirement not applicable?,PS17D,TEXT,0f9da9ad-3c19-4e46-8356-3a2157ec7ea8,a8899766-d350-43b2-ab1f-a67a5d139f9b,true,,,,
9450bc32-a8b2-4682-ace3-db640a6d0545,2025-06-10T23:50:18+0568,admin,2025-06-10T23:50:18+0568,admin,18,What is the current status of this requirement,PS18A,CHOICE,317234da-92ed-43b1-bc11-3e9306a136a5,a8899766-d350-43b2-ab1f-a67a5d139f9b,true,,,,
48a5567e-1c79-4b17-aaaa-192cac98eec1,2025-06-10T23:50:18+0569,admin,2025-06-10T23:50:18+0569,admin,19,Please provide more information on the current status: Why is this requirement still open? What are the problems you might encounter? Is there anything unclear about this requirement?,PS19A,TEXT,317234da-92ed-43b1-bc11-3e9306a136a5,a8899766-d350-43b2-ab1f-a67a5d139f9b,true,,,,
a380ae19-ee3a-4209-986b-04f3ca2f5f45,2025-06-10T23:50:18+0570,admin,2025-06-10T23:50:18+0570,admin,19,"Please provide more information on the current status: When are you going to fulfill this requirement (date, stage of lifecycle)? How are you going to fulfill this requirement? Is there anything unclear about this requirement?",PS19B,TEXT,317234da-92ed-43b1-bc11-3e9306a136a5,a8899766-d350-43b2-ab1f-a67a5d139f9b,true,,,,
91d4fa54-c844-49c3-9ec8-8c230f241d23,2025-06-10T23:50:18+0571,admin,2025-06-10T23:50:18+0571,admin,19,"Please provide more information on the current status: When did you fulfill this requirement (date, stage of lifecycle)? How did you fulfill this requirement?",PS19C,TEXT,317234da-92ed-43b1-bc11-3e9306a136a5,a8899766-d350-43b2-ab1f-a67a5d139f9b,true,,,,
bc7ddd21-0842-47f6-8aac-767d8e27b5eb,2025-06-10T23:50:18+0572,admin,2025-06-10T23:50:18+0572,admin,19,Please provide more information on the current status: Why is this requirement not applicable?,PS19D,TEXT,317234da-92ed-43b1-bc11-3e9306a136a5,a8899766-d350-43b2-ab1f-a67a5d139f9b,true,,,,
7d220725-5cff-4b8f-bffe-acd24c9287fd,2025-06-10T23:50:18+0573,admin,2025-06-10T23:50:18+0573,admin,20,What is the current status of this requirement?,PS20A,CHOICE,317234da-92ed-43b1-bc11-3e9306a136a5,a8899766-d350-43b2-ab1f-a67a5d139f9b,true,,,,
fc4d45d3-b4ab-4d73-9298-59527ef03ed8,2025-06-10T23:50:18+0574,admin,2025-06-10T23:50:18+0574,admin,21,Please provide more information on the current status: Why is this requirement still open? What are the problems you might encounter? Is there anything unclear about this requirement?,PS21A,TEXT,317234da-92ed-43b1-bc11-3e9306a136a5,a8899766-d350-43b2-ab1f-a67a5d139f9b,true,,,,
fa846552-b9ea-4ad2-bb80-4599645fd0d6,2025-06-10T23:50:18+0575,admin,2025-06-10T23:50:18+0575,admin,21,"Please provide more information on the current status: When are you going to fulfill this requirement (date, stage of lifecycle)? How are you going to fulfill this requirement? Is there anything unclear about this requirement?",PS21B,TEXT,317234da-92ed-43b1-bc11-3e9306a136a5,a8899766-d350-43b2-ab1f-a67a5d139f9b,true,,,,
929cea9e-7fdf-4cce-a179-86c437d60305,2025-06-10T23:50:18+0576,admin,2025-06-10T23:50:18+0576,admin,21,"Please provide more information on the current status: When did you fulfill this requirement (date, stage of lifecycle)? How did you fulfill this requirement?",PS21C,TEXT,317234da-92ed-43b1-bc11-3e9306a136a5,a8899766-d350-43b2-ab1f-a67a5d139f9b,true,,,,
8333dc55-079b-4080-8aab-d5866775eed7,2025-06-10T23:50:18+0577,admin,2025-06-10T23:50:18+0577,admin,21,Please provide more information on the current status: Why is this requirement not applicable?,PS21D,TEXT,317234da-92ed-43b1-bc11-3e9306a136a5,a8899766-d350-43b2-ab1f-a67a5d139f9b,true,,,,
9c2f9176-51d0-4773-a27c-299e6ab4bfa8,2025-06-10T23:50:18+0578,admin,2025-06-10T23:50:18+0578,admin,22,"Data Training (where applicable) and testing data has to be as representative, relevant, accurate, and generalizable as possible. What is the current status of this requirement?",PS22A,CHOICE,e9edd955-0868-4e3f-bc7b-0c44df0ef54a,a8899766-d350-43b2-ab1f-a67a5d139f9b,true,,,,
fe49a93c-70a0-4735-9903-1cea070f76b9,2025-06-10T23:50:18+0579,admin,2025-06-10T23:50:18+0579,admin,23,Please provide more information on the current status: Why is this requirement still open? What are the problems you might encounter? Is there anything unclear about this requirement?,PS23A,TEXT,e9edd955-0868-4e3f-bc7b-0c44df0ef54a,a8899766-d350-43b2-ab1f-a67a5d139f9b,true,,,,
e0e828c2-7aa8-455d-a565-dcbd5fd602db,2025-06-10T23:50:18+0580,admin,2025-06-10T23:50:18+0580,admin,23,"Please provide more information on the current status: When are you going to fulfill this requirement (date, stage of lifecycle)? How are you going to fulfill this requirement? Is there anything unclear about this requirement?",PS23B,TEXT,e9edd955-0868-4e3f-bc7b-0c44df0ef54a,a8899766-d350-43b2-ab1f-a67a5d139f9b,true,,,,
f1b49f13-1607-410d-b805-05821eb12270,2025-06-10T23:50:18+0581,admin,2025-06-10T23:50:18+0581,admin,23,"Please provide more information on the current status: When did you fulfill this requirement (date, stage of lifecycle)? How did you fulfill this requirement?",PS23C,TEXT,e9edd955-0868-4e3f-bc7b-0c44df0ef54a,a8899766-d350-43b2-ab1f-a67a5d139f9b,true,,,,
a4deeac1-ee4b-487f-8da6-895bc72fc4aa,2025-06-10T23:50:18+0582,admin,2025-06-10T23:50:18+0582,admin,23,Please provide more information on the current status: Why is this requirement not applicable?,PS23D,TEXT,e9edd955-0868-4e3f-bc7b-0c44df0ef54a,a8899766-d350-43b2-ab1f-a67a5d139f9b,true,,,,
f42016e3-f34e-427d-8b4c-c03e96c1c850,2025-06-10T23:50:18+0583,admin,2025-06-10T23:50:18+0583,admin,24,Fairness It has to be ensured that the output of the AI system is fair and free of discrimination. What is the current status of this requirement?,PS24A,CHOICE,e9edd955-0868-4e3f-bc7b-0c44df0ef54a,a8899766-d350-43b2-ab1f-a67a5d139f9b,true,,,,
b48f1b27-e5f1-4344-8268-8faf69f54a75,2025-06-10T23:50:18+0584,admin,2025-06-10T23:50:18+0584,admin,25,Please provide more information on the current status: Why is this requirement still open? What are the problems you might encounter? Is there anything unclear about this requirement?,PS25A,TEXT,e9edd955-0868-4e3f-bc7b-0c44df0ef54a,a8899766-d350-43b2-ab1f-a67a5d139f9b,true,,,,
65a9d355-f2a7-452a-9972-c6e1311c8759,2025-06-10T23:50:18+0585,admin,2025-06-10T23:50:18+0585,admin,25,"Please provide more information on the current status: When are you going to fulfill this requirement (date, stage of lifecycle)? How are you going to fulfill this requirement? Is there anything unclear about this requirement?",PS25B,TEXT,e9edd955-0868-4e3f-bc7b-0c44df0ef54a,a8899766-d350-43b2-ab1f-a67a5d139f9b,true,,,,
bbca6e69-cfc6-4098-a2f5-f52860f5ee3a,2025-06-10T23:50:18+0586,admin,2025-06-10T23:50:18+0586,admin,25,"Please provide more information on the current status: When did you fulfill this requirement (date, stage of lifecycle)? How did you fulfill this requirement?",PS25C,TEXT,e9edd955-0868-4e3f-bc7b-0c44df0ef54a,a8899766-d350-43b2-ab1f-a67a5d139f9b,true,,,,
84e7e5e1-871d-4968-b5ee-a9f532141b91,2025-06-10T23:50:18+0587,admin,2025-06-10T23:50:18+0587,admin,25,Please provide more information on the current status: Why is this requirement not applicable?,PS25D,TEXT,e9edd955-0868-4e3f-bc7b-0c44df0ef54a,a8899766-d350-43b2-ab1f-a67a5d139f9b,true,,,,
1135e535-c548-4538-b528-3af10f59642d,2025-06-10T23:50:18+0588,admin,2025-06-10T23:50:18+0588,admin,26,Fairness Measures to detect bias must be realized (e. g. using a fairness function). What is the current status of this requirement?,PS26A,CHOICE,e9edd955-0868-4e3f-bc7b-0c44df0ef54a,a8899766-d350-43b2-ab1f-a67a5d139f9b,true,,,,
feaf787a-6167-4116-b0a1-6ce2af92ad77,2025-06-10T23:50:18+0589,admin,2025-06-10T23:50:18+0589,admin,27,Please provide more information on the current status: Why is this requirement still open? What are the problems you might encounter? Is there anything unclear about this requirement?,PS27A,TEXT,e9edd955-0868-4e3f-bc7b-0c44df0ef54a,a8899766-d350-43b2-ab1f-a67a5d139f9b,true,,,,
28155618-64b0-4384-819c-9b0a65ad8dc4,2025-06-10T23:50:18+0590,admin,2025-06-10T23:50:18+0590,admin,27,"Please provide more information on the current status: When are you going to fulfill this requirement (date, stage of lifecycle)? How are you going to fulfill this requirement? Is there anything unclear about this requirement?",PS27B,TEXT,e9edd955-0868-4e3f-bc7b-0c44df0ef54a,a8899766-d350-43b2-ab1f-a67a5d139f9b,true,,,,
bc807dd0-6407-4d88-9616-a6e0bf786822,2025-06-10T23:50:18+0591,admin,2025-06-10T23:50:18+0591,admin,27,"Please provide more information on the current status: When did you fulfill this requirement (date, stage of lifecycle)? How did you fulfill this requirement?",PS27C,TEXT,e9edd955-0868-4e3f-bc7b-0c44df0ef54a,a8899766-d350-43b2-ab1f-a67a5d139f9b,true,,,,
b32ab911-a789-4d8f-8a0e-d9ad6d086978,2025-06-10T23:50:18+0592,admin,2025-06-10T23:50:18+0592,admin,27,Please provide more information on the current status: Why is this requirement not applicable?,PS27D,TEXT,e9edd955-0868-4e3f-bc7b-0c44df0ef54a,a8899766-d350-43b2-ab1f-a67a5d139f9b,true,,,,
c948a889-36cd-47ef-a1fb-efd84b6ef97b,2025-06-10T23:50:18+0593,admin,2025-06-10T23:50:18+0593,admin,28,"Fairness Whenever possible, impacted users have to be involved and shall be enabled to challenge the behavior of the AI system. What is the current status of this requirement?",PS28A,CHOICE,e9edd955-0868-4e3f-bc7b-0c44df0ef54a,a8899766-d350-43b2-ab1f-a67a5d139f9b,true,,,,
0a6df859-7e0a-4853-9791-749230adb1c7,2025-06-10T23:50:18+0594,admin,2025-06-10T23:50:18+0594,admin,29,Please provide more information on the current status: Why is this requirement still open? What are the problems you might encounter? Is there anything unclear about this requirement?,PS29A,TEXT,e9edd955-0868-4e3f-bc7b-0c44df0ef54a,a8899766-d350-43b2-ab1f-a67a5d139f9b,true,,,,
b1af7101-ce72-4da1-b7f6-a70a8a165f96,2025-06-10T23:50:18+0595,admin,2025-06-10T23:50:18+0595,admin,29,"Please provide more information on the current status: When are you going to fulfill this requirement (date, stage of lifecycle)? How are you going to fulfill this requirement? Is there anything unclear about this requirement?",PS29B,TEXT,e9edd955-0868-4e3f-bc7b-0c44df0ef54a,a8899766-d350-43b2-ab1f-a67a5d139f9b,true,,,,
4d329a5b-43eb-43ca-898a-b1614ec1f24e,2025-06-10T23:50:18+0596,admin,2025-06-10T23:50:18+0596,admin,29,"Please provide more information on the current status: When did you fulfill this requirement (date, stage of lifecycle)? How did you fulfill this requirement?",PS29C,TEXT,e9edd955-0868-4e3f-bc7b-0c44df0ef54a,a8899766-d350-43b2-ab1f-a67a5d139f9b,true,,,,
5062d89a-a680-44e3-8300-337f2167c8db,2025-06-10T23:50:18+0597,admin,2025-06-10T23:50:18+0597,admin,29,Please provide more information on the current status: Why is this requirement not applicable?,PS29D,TEXT,e9edd955-0868-4e3f-bc7b-0c44df0ef54a,a8899766-d350-43b2-ab1f-a67a5d139f9b,true,,,,
336bf4d4-35a6-4752-ba8a-bafc50d2f218,2025-06-10T23:50:18+0598,admin,2025-06-10T23:50:18+0598,admin,30,Data Protection and Privacy Compliance with SAPs DPP Policy must be ensured. What is the current status of this requirement?,PS30A,CHOICE,e9edd955-0868-4e3f-bc7b-0c44df0ef54a,a8899766-d350-43b2-ab1f-a67a5d139f9b,true,,,,
cf5311c4-05a9-464c-b6d7-b77db73102a6,2025-06-10T23:50:18+0599,admin,2025-06-10T23:50:18+0599,admin,31,Please provide more information on the current status: Why is this requirement still open? What are the problems you might encounter? Is there anything unclear about this requirement?,PS31A,TEXT,e9edd955-0868-4e3f-bc7b-0c44df0ef54a,a8899766-d350-43b2-ab1f-a67a5d139f9b,true,,,,
634c1f7e-c713-493d-a35e-7220c241b802,2025-06-10T23:50:18+0600,admin,2025-06-10T23:50:18+0600,admin,31,"Please provide more information on the current status: When are you going to fulfill this requirement (date, stage of lifecycle)? How are you going to fulfill this requirement? Is there anything unclear about this requirement?",PS31B,TEXT,e9edd955-0868-4e3f-bc7b-0c44df0ef54a,a8899766-d350-43b2-ab1f-a67a5d139f9b,true,,,,
3045f9d0-f463-43c1-b583-bb5f3565c062,2025-06-10T23:50:18+0601,admin,2025-06-10T23:50:18+0601,admin,31,"Please provide more information on the current status: When did you fulfill this requirement (date, stage of lifecycle)? How did you fulfill this requirement?",PS31C,TEXT,e9edd955-0868-4e3f-bc7b-0c44df0ef54a,a8899766-d350-43b2-ab1f-a67a5d139f9b,true,,,,
379ed062-735c-4448-bf9e-f02e5b4a06ec,2025-06-10T23:50:18+0602,admin,2025-06-10T23:50:18+0602,admin,31,Please provide more information on the current status: Why is this requirement not applicable?,PS31D,TEXT,e9edd955-0868-4e3f-bc7b-0c44df0ef54a,a8899766-d350-43b2-ab1f-a67a5d139f9b,true,,,,
75a9f510-9a55-4268-9dd2-17dac1c81243,2025-06-10T23:50:18+0603,admin,2025-06-10T23:50:18+0603,admin,32,Documentation The capabilities and limitations of the AI system must be documented. What is the current status of this requirement?,PS32A,CHOICE,d3bc3a26-a510-48c1-b0ce-960014c5d1bd,a8899766-d350-43b2-ab1f-a67a5d139f9b,true,,,,
46423532-ddf5-440d-8b00-f3073c6aeb65,2025-06-10T23:50:18+0604,admin,2025-06-10T23:50:18+0604,admin,33,Please provide more information on the current status: Why is this requirement still open? What are the problems you might encounter? Is there anything unclear about this requirement?,PS33A,TEXT,d3bc3a26-a510-48c1-b0ce-960014c5d1bd,a8899766-d350-43b2-ab1f-a67a5d139f9b,true,,,,
1d9ffb77-02c6-408b-8e91-e3e916c0c63a,2025-06-10T23:50:18+0605,admin,2025-06-10T23:50:18+0605,admin,33,"Please provide more information on the current status: When are you going to fulfill this requirement (date, stage of lifecycle)? How are you going to fulfill this requirement? Is there anything unclear about this requirement?",PS33B,TEXT,d3bc3a26-a510-48c1-b0ce-960014c5d1bd,a8899766-d350-43b2-ab1f-a67a5d139f9b,true,,,,
6d7f1786-bb7e-4183-979b-c2fcc921aac6,2025-06-10T23:50:18+0606,admin,2025-06-10T23:50:18+0606,admin,33,"Please provide more information on the current status: When did you fulfill this requirement (date, stage of lifecycle)? How did you fulfill this requirement?",PS33C,TEXT,d3bc3a26-a510-48c1-b0ce-960014c5d1bd,a8899766-d350-43b2-ab1f-a67a5d139f9b,true,,,,
b4b7695c-e6af-4896-b147-b877c1c0d6dc,2025-06-10T23:50:18+0607,admin,2025-06-10T23:50:18+0607,admin,33,Please provide more information on the current status: Why is this requirement not applicable?,PS33D,TEXT,d3bc3a26-a510-48c1-b0ce-960014c5d1bd,a8899766-d350-43b2-ab1f-a67a5d139f9b,true,,,,
9b6f3426-099f-4600-986b-d7d043ccc79a,2025-06-10T23:50:18+0608,admin,2025-06-10T23:50:18+0608,admin,34,"Documentation All information needed to understand the behavior of the AI system has to be documented. This includes information about the data sets, models, training and validation procedures used, as well as behavior in deployment and operation. What is the current status of this requirement?",PS34A,CHOICE,d3bc3a26-a510-48c1-b0ce-960014c5d1bd,a8899766-d350-43b2-ab1f-a67a5d139f9b,true,,,,
8f7e434f-0a08-4e1e-80e2-4cb23af16391,2025-06-10T23:50:18+0609,admin,2025-06-10T23:50:18+0609,admin,35,Please provide more information on the current status: Why is this requirement still open? What are the problems you might encounter? Is there anything unclear about this requirement?,PS35A,TEXT,d3bc3a26-a510-48c1-b0ce-960014c5d1bd,a8899766-d350-43b2-ab1f-a67a5d139f9b,true,,,,
489dd692-6f65-4e35-9abc-320a20d64f78,2025-06-10T23:50:18+0610,admin,2025-06-10T23:50:18+0610,admin,35,"Please provide more information on the current status: When are you going to fulfill this requirement (date, stage of lifecycle)? How are you going to fulfill this requirement? Is there anything unclear about this requirement?",PS35B,TEXT,d3bc3a26-a510-48c1-b0ce-960014c5d1bd,a8899766-d350-43b2-ab1f-a67a5d139f9b,true,,,,
5f9197c4-39da-4654-bd75-56dd2e831b1a,2025-06-10T23:50:18+0611,admin,2025-06-10T23:50:18+0611,admin,35,"Please provide more information on the current status: When did you fulfill this requirement (date, stage of lifecycle)? How did you fulfill this requirement?",PS35C,TEXT,d3bc3a26-a510-48c1-b0ce-960014c5d1bd,a8899766-d350-43b2-ab1f-a67a5d139f9b,true,,,,
f04f04c8-b027-4605-b467-f4946317cc68,2025-06-10T23:50:18+0612,admin,2025-06-10T23:50:18+0612,admin,35,Please provide more information on the current status: Why is this requirement not applicable?,PS35D,TEXT,d3bc3a26-a510-48c1-b0ce-960014c5d1bd,a8899766-d350-43b2-ab1f-a67a5d139f9b,true,,,,
2dd5f4e3-c891-4e99-afea-89cfa3c4a2fc,2025-06-10T23:50:18+0613,admin,2025-06-10T23:50:18+0613,admin,36,"Documentation All information needed to trace proposals, decisions and other outputs of the AI system need to be tracked. What is the current status of this requirement?",PS36A,CHOICE,d3bc3a26-a510-48c1-b0ce-960014c5d1bd,a8899766-d350-43b2-ab1f-a67a5d139f9b,true,,,,
dd0cc6b8-6fdd-4473-b019-e80ce4519051,2025-06-10T23:50:18+0614,admin,2025-06-10T23:50:18+0614,admin,37,Please provide more information on the current status: Why is this requirement still open? What are the problems you might encounter? Is there anything unclear about this requirement?,PS37A,TEXT,d3bc3a26-a510-48c1-b0ce-960014c5d1bd,a8899766-d350-43b2-ab1f-a67a5d139f9b,true,,,,
79572388-1286-4429-82b4-30b2fefa7756,2025-06-10T23:50:18+0615,admin,2025-06-10T23:50:18+0615,admin,37,"Please provide more information on the current status: When are you going to fulfill this requirement (date, stage of lifecycle)? How are you going to fulfill this requirement? Is there anything unclear about this requirement?",PS37B,TEXT,d3bc3a26-a510-48c1-b0ce-960014c5d1bd,a8899766-d350-43b2-ab1f-a67a5d139f9b,true,,,,
5df7a9eb-4426-4502-a4e1-a8067cee8fa1,2025-06-10T23:50:18+0616,admin,2025-06-10T23:50:18+0616,admin,37,"Please provide more information on the current status: When did you fulfill this requirement (date, stage of lifecycle)? How did you fulfill this requirement?",PS37C,TEXT,d3bc3a26-a510-48c1-b0ce-960014c5d1bd,a8899766-d350-43b2-ab1f-a67a5d139f9b,true,,,,
d84079e6-1de3-4153-807e-3aa1e28627ee,2025-06-10T23:50:18+0617,admin,2025-06-10T23:50:18+0617,admin,37,Please provide more information on the current status: Why is this requirement not applicable?,PS37D,TEXT,d3bc3a26-a510-48c1-b0ce-960014c5d1bd,a8899766-d350-43b2-ab1f-a67a5d139f9b,true,,,,
aa40882b-e169-46b5-94e5-5da0b7f2abcc,2025-06-10T23:50:18+0618,admin,2025-06-10T23:50:18+0618,admin,38,Transparency Responsibility and accountability for the AI system and its behavior need to be fully understood and described. What is the current status of this requirement?,PS38A,CHOICE,d3bc3a26-a510-48c1-b0ce-960014c5d1bd,a8899766-d350-43b2-ab1f-a67a5d139f9b,true,,,,
f945cafb-088b-4205-b619-aa4121ef70e3,2025-06-10T23:50:18+0619,admin,2025-06-10T23:50:18+0619,admin,39,Please provide more information on the current status: Why is this requirement still open? What are the problems you might encounter? Is there anything unclear about this requirement?,PS39A,TEXT,d3bc3a26-a510-48c1-b0ce-960014c5d1bd,a8899766-d350-43b2-ab1f-a67a5d139f9b,true,,,,
c3586a44-a07d-46d9-a01a-9b1baf40eddf,2025-06-10T23:50:18+0620,admin,2025-06-10T23:50:18+0620,admin,39,"Please provide more information on the current status: When are you going to fulfill this requirement (date, stage of lifecycle)? How are you going to fulfill this requirement? Is there anything unclear about this requirement?",PS39B,TEXT,d3bc3a26-a510-48c1-b0ce-960014c5d1bd,a8899766-d350-43b2-ab1f-a67a5d139f9b,true,,,,
c3c3d97b-3c2e-4a3e-8a81-b542a9912c71,2025-06-10T23:50:18+0621,admin,2025-06-10T23:50:18+0621,admin,39,"Please provide more information on the current status: When did you fulfill this requirement (date, stage of lifecycle)? How did you fulfill this requirement?",PS39C,TEXT,d3bc3a26-a510-48c1-b0ce-960014c5d1bd,a8899766-d350-43b2-ab1f-a67a5d139f9b,true,,,,
b040c0ba-a665-4ac1-b6c6-854d5704a74e,2025-06-10T23:50:18+0622,admin,2025-06-10T23:50:18+0622,admin,39,Please provide more information on the current status: Why is this requirement not applicable?,PS39D,TEXT,d3bc3a26-a510-48c1-b0ce-960014c5d1bd,a8899766-d350-43b2-ab1f-a67a5d139f9b,true,,,,
4861ebf2-61f2-4521-9756-5440a06ea81e,2025-06-10T23:50:18+0623,admin,2025-06-10T23:50:18+0623,admin,40,Transparency Users must always be aware of their interaction with an AI system. What is the current status of this requirement?,PS40A,CHOICE,d3bc3a26-a510-48c1-b0ce-960014c5d1bd,a8899766-d350-43b2-ab1f-a67a5d139f9b,true,,,,
0cfdce01-0770-4487-98f2-882dfb1d834e,2025-06-10T23:50:18+0624,admin,2025-06-10T23:50:18+0624,admin,41,Please provide more information on the current status: Why is this requirement still open? What are the problems you might encounter? Is there anything unclear about this requirement?,PS41A,TEXT,d3bc3a26-a510-48c1-b0ce-960014c5d1bd,a8899766-d350-43b2-ab1f-a67a5d139f9b,true,,,,
49049070-2056-4ed2-a0e4-eb319822b3fd,2025-06-10T23:50:18+0625,admin,2025-06-10T23:50:18+0625,admin,41,"Please provide more information on the current status: When are you going to fulfill this requirement (date, stage of lifecycle)? How are you going to fulfill this requirement? Is there anything unclear about this requirement?",PS41B,TEXT,d3bc3a26-a510-48c1-b0ce-960014c5d1bd,a8899766-d350-43b2-ab1f-a67a5d139f9b,true,,,,
c23cf73e-8527-4d87-98fd-8c539b5e9ddf,2025-06-10T23:50:18+0626,admin,2025-06-10T23:50:18+0626,admin,41,"Please provide more information on the current status: When did you fulfill this requirement (date, stage of lifecycle)? How did you fulfill this requirement?",PS41C,TEXT,d3bc3a26-a510-48c1-b0ce-960014c5d1bd,a8899766-d350-43b2-ab1f-a67a5d139f9b,true,,,,
5a6e35ea-3cdf-4622-9349-405a8f04f90e,2025-06-10T23:50:18+0627,admin,2025-06-10T23:50:18+0627,admin,41,Please provide more information on the current status: Why is this requirement not applicable?,PS41D,TEXT,d3bc3a26-a510-48c1-b0ce-960014c5d1bd,a8899766-d350-43b2-ab1f-a67a5d139f9b,true,,,,
41d88b4d-bb32-4855-ba68-c1d725620501,2025-06-10T23:50:18+0628,admin,2025-06-10T23:50:18+0628,admin,42,Explainability Clear and simple explanations for how decisions were made by the AI system must be provided to the user or data subject. What is the current status of this requirement?,PS42A,CHOICE,d3bc3a26-a510-48c1-b0ce-960014c5d1bd,a8899766-d350-43b2-ab1f-a67a5d139f9b,true,,,,
6ce6f6b4-74f6-46ce-8532-e9fc0970f6ad,2025-06-10T23:50:18+0629,admin,2025-06-10T23:50:18+0629,admin,43,Please provide more information on the current status: Why is this requirement still open? What are the problems you might encounter? Is there anything unclear about this requirement?,PS43A,TEXT,d3bc3a26-a510-48c1-b0ce-960014c5d1bd,a8899766-d350-43b2-ab1f-a67a5d139f9b,true,,,,
2b70d77d-328f-4b82-8272-acbb1721508b,2025-06-10T23:50:18+0630,admin,2025-06-10T23:50:18+0630,admin,43,"Please provide more information on the current status: When are you going to fulfill this requirement (date, stage of lifecycle)? How are you going to fulfill this requirement? Is there anything unclear about this requirement?",PS43B,TEXT,d3bc3a26-a510-48c1-b0ce-960014c5d1bd,a8899766-d350-43b2-ab1f-a67a5d139f9b,true,,,,
01220041-f3b0-4929-b918-a58e51efc421,2025-06-10T23:50:18+0631,admin,2025-06-10T23:50:18+0631,admin,43,"Please provide more information on the current status: When did you fulfill this requirement (date, stage of lifecycle)? How did you fulfill this requirement?",PS43C,TEXT,d3bc3a26-a510-48c1-b0ce-960014c5d1bd,a8899766-d350-43b2-ab1f-a67a5d139f9b,true,,,,
7d262b57-e42f-4423-b68e-1cc8ee72baa6,2025-06-10T23:50:18+0632,admin,2025-06-10T23:50:18+0632,admin,43,Please provide more information on the current status: Why is this requirement not applicable?,PS43D,TEXT,d3bc3a26-a510-48c1-b0ce-960014c5d1bd,a8899766-d350-43b2-ab1f-a67a5d139f9b,true,,,,
a4c2c66c-744c-48eb-9126-b5d57de978e8,2025-06-10T23:50:18+0633,admin,2025-06-10T23:50:18+0633,admin,44,"Explainability Where applicable, information about the confidence of the AI system's output should be provided to the user. What is the current status of this requirement?",PS44A,CHOICE,d3bc3a26-a510-48c1-b0ce-960014c5d1bd,a8899766-d350-43b2-ab1f-a67a5d139f9b,true,,,,
a9680f60-a9a9-4a2c-9974-08b9b954d1a8,2025-06-10T23:50:18+0634,admin,2025-06-10T23:50:18+0634,admin,45,Please provide more information on the current status: Why is this requirement still open? What are the problems you might encounter? Is there anything unclear about this requirement?,PS45A,TEXT,d3bc3a26-a510-48c1-b0ce-960014c5d1bd,a8899766-d350-43b2-ab1f-a67a5d139f9b,true,,,,
e128a657-ae69-4611-8928-b4af08fcb013,2025-06-10T23:50:18+0635,admin,2025-06-10T23:50:18+0635,admin,45,"Please provide more information on the current status: When are you going to fulfill this requirement (date, stage of lifecycle)? How are you going to fulfill this requirement? Is there anything unclear about this requirement?",PS45B,TEXT,d3bc3a26-a510-48c1-b0ce-960014c5d1bd,a8899766-d350-43b2-ab1f-a67a5d139f9b,true,,,,
136e6f27-d1b9-4094-b190-9b034e2645d7,2025-06-10T23:50:18+0636,admin,2025-06-10T23:50:18+0636,admin,45,"Please provide more information on the current status: When did you fulfill this requirement (date, stage of lifecycle)? How did you fulfill this requirement?",PS45C,TEXT,d3bc3a26-a510-48c1-b0ce-960014c5d1bd,a8899766-d350-43b2-ab1f-a67a5d139f9b,true,,,,
2d399227-9643-40ee-87d9-60b543ac5ea0,2025-06-10T23:50:18+0637,admin,2025-06-10T23:50:18+0637,admin,45,Please provide more information on the current status: Why is this requirement not applicable?,PS45D,TEXT,d3bc3a26-a510-48c1-b0ce-960014c5d1bd,a8899766-d350-43b2-ab1f-a67a5d139f9b,true,,,,
0e67ead1-3040-4cb5-a257-ac295c2815ec,2025-06-10T23:50:18+0638,admin,2025-06-10T23:50:18+0638,admin,2,Name of 3rd party use case,IM2BB,TEXT,5a1b181d-62b3-4089-b0c4-56a2372655a1,5e20082d-4baa-457e-8bc5-ca962475ae0f,true,,,,
e64037d1-d174-4872-90f9-4c92b279a29a,2025-06-10T23:50:18+0639,admin,2025-06-10T23:50:18+0639,admin,2,Name of partner use case,IM2C,TEXT,5a1b181d-62b3-4089-b0c4-56a2372655a1,5e20082d-4baa-457e-8bc5-ca962475ae0f,true,,,,
27e690fb-208d-4cb0-84eb-c7f02ebfaede,2025-06-10T23:50:18+0640,admin,2025-06-10T23:50:18+0640,admin,3,Name of developing company,IM3B,TEXT,5a1b181d-62b3-4089-b0c4-56a2372655a1,5e20082d-4baa-457e-8bc5-ca962475ae0f,true,,,,
bcf5570d-5775-49c3-8f03-babb71c842bd,2025-06-10T23:50:18+0641,admin,2025-06-10T23:50:18+0641,admin,3,Name of partner,IM3C,TEXT,5a1b181d-62b3-4089-b0c4-56a2372655a1,5e20082d-4baa-457e-8bc5-ca962475ae0f,true,,,,
8ea68398-46dd-4183-a22e-9d223e600d25,2025-06-10T23:50:18+0643,admin,2025-06-10T23:50:18+0643,admin,4,Developing business unit,IM4B,TEXT,5a1b181d-62b3-4089-b0c4-56a2372655a1,5e20082d-4baa-457e-8bc5-ca962475ae0f,true,,,,
2f9ba00a-bf11-4393-87d3-476c0f3b3e41,2025-06-10T23:50:18+0644,admin,2025-06-10T23:50:18+0644,admin,4,Business owner responsible for procuring the 3rd party use case,IM4C,TEXT,5a1b181d-62b3-4089-b0c4-56a2372655a1,5e20082d-4baa-457e-8bc5-ca962475ae0f,true,,,,
d5cf082c-2755-43f2-b400-33b6527255b2,2025-06-10T23:50:18+0645,admin,2025-06-10T23:50:18+0645,admin,4,Type of partner engagement for the use case,IM4D,TEXT,5a1b181d-62b3-4089-b0c4-56a2372655a1,5e20082d-4baa-457e-8bc5-ca962475ae0f,true,,,,
26969a58-55e8-444d-af98-0c9b4a49b91e,2025-06-10T23:50:18+0647,admin,2025-06-10T23:50:18+0647,admin,5,Target business unit for deployment,IM5B,TEXT,5a1b181d-62b3-4089-b0c4-56a2372655a1,5e20082d-4baa-457e-8bc5-ca962475ae0f,true,,,,
aa501c38-1c3d-40e0-ad47-a7a9b708b3ae,2025-06-10T23:50:18+0648,admin,2025-06-10T23:50:18+0648,admin,5,Business unit responsible for procuring the 3rd party use case,IM5C,TEXT,5a1b181d-62b3-4089-b0c4-56a2372655a1,5e20082d-4baa-457e-8bc5-ca962475ae0f,true,,,,
e2b7f08f-712a-4bc2-98d9-734df3af842e,2025-06-10T23:50:18+0649,admin,2025-06-10T23:50:18+0649,admin,5,Business owner at SAP,IM5D,TEXT,5a1b181d-62b3-4089-b0c4-56a2372655a1,5e20082d-4baa-457e-8bc5-ca962475ae0f,true,,,,
b1a143ba-169c-4d8c-85fc-ff031793ec79,2025-06-10T23:50:18+0650,admin,2025-06-10T23:50:18+0650,admin,6,SAP solutions planned for integration,IM6A,TEXT,5a1b181d-62b3-4089-b0c4-56a2372655a1,5e20082d-4baa-457e-8bc5-ca962475ae0f,true,,,,
4dda5787-b36a-4454-aca1-24fd573e67f2,2025-06-10T23:50:18+0651,admin,2025-06-10T23:50:18+0651,admin,7,Type of use case,IM7A,CHOICE,5a1b181d-62b3-4089-b0c4-56a2372655a1,5e20082d-4baa-457e-8bc5-ca962475ae0f,true,,,,
b1c67073-015a-47c5-8b4a-915d19636ba0,2025-06-10T23:50:18+0652,admin,2025-06-10T23:50:18+0652,admin,8,"Describe the use case and its purpose to explain why it is needed, how it will be used and who would have access to this AI. Is the model trained by SAP or by its customers?",IM8A,TEXT,5a1b181d-62b3-4089-b0c4-56a2372655a1,5e20082d-4baa-457e-8bc5-ca962475ae0f,true,,,,
2e3a934c-b272-4797-aa4b-405b2315e6a7,2025-06-10T23:50:18+0653,admin,2025-06-10T23:50:18+0653,admin,9,Purpose and Readiness of the AI use case,IM9A,CHOICE,5a1b181d-62b3-4089-b0c4-56a2372655a1,5e20082d-4baa-457e-8bc5-ca962475ae0f,true,,,,
f71b5334-bac2-417a-9774-4ae70c9ee8da,2025-06-10T23:50:18+0654,admin,2025-06-10T23:50:18+0654,admin,11,"P1. Is the AI system developed or deployed for human surveillance? SAP Global AI Ethics Policy, p.11: “AI Systems must not be developed or deployed, used, and sold for human surveillance that is utilized to target individuals or groups, either by biometrics, facial recognition, or other identifiable features”",IM10A,CHOICE,16c7cfd8-54f7-4d83-b8b8-2d2ecb564323,5e20082d-4baa-457e-8bc5-ca962475ae0f,true,,• Law enforcement to identify people • Employee identification for workplace performance monitoring,,
9d80d179-a241-4a35-bad5-def4b92b6b81,2025-06-10T23:50:18+0655,admin,2025-06-10T23:50:18+0655,admin,12,"P2. Is the AI system developed or deployed for discrimination purposes? SAP Global AI Ethics Policy, p.11: ""AI Systems must not be developed, deployed, used or sold to discriminate against individuals or group of people, or to exclude individuals or group of people from equal access to AI’s benefits and opportunities, in accordance with SAP’s Global Export and Sanctions Compliance Policy and SAP’s Code of Ethics and Business Conduct.""",IM11A,CHOICE,16c7cfd8-54f7-4d83-b8b8-2d2ecb564323,5e20082d-4baa-457e-8bc5-ca962475ae0f,true,,"• Intentionally prompting LLM to select specific gender or race for employment, benefits etc.",,
cf7f6238-c2d8-45c3-8c83-f968df8d956e,2025-06-10T23:50:18+0656,admin,2025-06-10T23:50:18+0656,admin,13,"P3. Is it possible to de-anonymize data that has already been anonymized? SAP Global AI Ethics Policy, p.11: ""AI Systems must not be developed / deployed used or sold to de-anonymize already anonymized data which may result in the identification of individuals or groups.""",IM12A,CHOICE,16c7cfd8-54f7-4d83-b8b8-2d2ecb564323,5e20082d-4baa-457e-8bc5-ca962475ae0f,true,,,,
88baa0a3-8fe3-449c-b2d9-e45bd9c8f877,2025-06-10T23:50:18+0657,admin,2025-06-10T23:50:18+0657,admin,14,"P4. Does the AI system have foreseeable harmful impacts on users or affected individuals/groups, or is it developed or deployed for manipulation of individuals or groups?  SAP Global AI Ethics Policy, p.11: ""AI Systems must not have any harmful impacts on users."" and ""AI Systems must not be developed or deployed for deception or unfair manipulation of individuals or groups via public forums, media, or moderation of other similar uses.""",IM13A,CHOICE,16c7cfd8-54f7-4d83-b8b8-2d2ecb564323,5e20082d-4baa-457e-8bc5-ca962475ae0f,true,,,,
09b07ade-6e7e-4a71-9e9a-22eb96d095a1,2025-06-10T23:50:18+0658,admin,2025-06-10T23:50:18+0658,admin,15,"P5. Is the AI system developed or deployed to undermine debates or democratic electoral systems? SAP Global AI Ethics Policy, p.11: ""AI Systems must not be developed or deployed to undermine debates or democratic electoral systems.""",IM14A,CHOICE,16c7cfd8-54f7-4d83-b8b8-2d2ecb564323,5e20082d-4baa-457e-8bc5-ca962475ae0f,true,,"• Amplification of hate speech, fake news",,
b0a04869-c04a-4870-9032-fcf82c568ac6,2025-06-10T23:50:18+0659,admin,2025-06-10T23:50:18+0659,admin,16,"P6. Does the AI system's development or deployment damage the environment? SAP Global AI Ethics Policy, p.13: ""Negative social, economic and environmental impacts must be avoided.""",IM15A,CHOICE,16c7cfd8-54f7-4d83-b8b8-2d2ecb564323,5e20082d-4baa-457e-8bc5-ca962475ae0f,true,,,,
d19fce63-ee87-4c3c-b0fc-5b21ee467f00,2025-06-10T23:50:18+0660,admin,2025-06-10T23:50:18+0660,admin,17,"P7. Does the AI system pretend to be used for predicted social behavior or personal characteristics with social scoring? SAP Global AI Ethics Policy, p.11/12: ""AI System shall not be developed or deployed to be used for the evaluation or classification of the trustworthiness of Affected Individuals over a certain period of time based on their social behavior or known or predicted personal or personality characteristics, with the social score.  The context and environment of the AI System must be analyzed, and appropriate measures must be taken to prevent misuse or unintended harm to humans.""",IM16A,CHOICE,16c7cfd8-54f7-4d83-b8b8-2d2ecb564323,5e20082d-4baa-457e-8bc5-ca962475ae0f,true,,,,
6d698727-c267-43fc-8277-23c7404c20fd,2025-06-10T23:50:18+0661,admin,2025-06-10T23:50:18+0661,admin,18,"P8. Does the AI system deploy subliminal techniques, purposefully manipulative or deceptive techniques that materially influence the behaviour of a person / group of persons or aim to do so in significantly harmful ways that can subvert and impair individual's autonomy, decision-making and free choice?  EU AI Act Article 5: Prohibited AI Practices https://artificialintelligenceact.eu/article/5/",IM17A,CHOICE,16c7cfd8-54f7-4d83-b8b8-2d2ecb564323,5e20082d-4baa-457e-8bc5-ca962475ae0f,true,,,,
41426537-e417-4c67-8806-3b5511c1ca61,2025-06-10T23:50:18+0662,admin,2025-06-10T23:50:18+0662,admin,19,"H1.1. Processing personal information: Does the use case process any information relating to an identified or identifiable natural person for training purposes or during productive usage? This includes not only personal information in specific fields but also potential personal information in any input, such as text (e.g. document text, email text, logs, wiki pages, sharepoint pages etc.), images, audio or video.  Personal information not only includes directly identifiable entities like name, address, email, telephone but also indirectly attributable set of entities that can be correlated to an individual.  Check GDPR definition of personal data if required.  If yes, describe how.",IM18A,CHOICE,26192b84-ea24-449d-8a4e-44a2cb928e4c,5e20082d-4baa-457e-8bc5-ca962475ae0f,true,,,Processing personal data,
6dfb2dac-15fe-4bfe-8f07-e1424c48913d,2025-06-10T23:50:18+0674,admin,2025-06-10T23:50:18+0674,admin,1,Select the use case type,IM1B,CHOICE,5a1b181d-62b3-4089-b0c4-56a2372655a1,5e20082d-4baa-457e-8bc5-ca962475ae0f,true,,,,
2d16f759-41e7-4abb-aa53-5e54eddd6762,2025-06-10T23:50:18+0675,admin,2025-06-10T23:50:18+0675,admin,10,"What is the intended deployment scope and environment for this AI use case? (Select the option that best reflects how widely and where the system will be used.)",IM10A,CHOICE,5a1b181d-62b3-4089-b0c4-56a2372655a1,5e20082d-4baa-457e-8bc5-ca962475ae0f,true,,,,Scope
7c010102-b277-4bea-bbeb-9d085f9a2033,2025-06-10T23:50:18+0676,admin,2025-06-10T23:50:18+0676,admin,21,"H1.2 What category of personal data has been or will be involved at any stage (e.g. training, inference,  monitoring)? (Scale – Measures original data sensitivity)",IM20A,CHOICE,26192b84-ea24-449d-8a4e-44a2cb928e4c,5e20082d-4baa-457e-8bc5-ca962475ae0f,true,,,,Scale
72cce4d4-56a0-497d-a2d8-823d25919ee0,2025-06-10T23:50:18+0677,admin,2025-06-10T23:50:18+0677,admin,25,"H1.4 What is the current likelihood that personal data is accessed or processed in this AI use case(production, retraining, or feedback loops)? (Likelihood – Focus on exposure today)",IM24A,CHOICE,26192b84-ea24-449d-8a4e-44a2cb928e4c,5e20082d-4baa-457e-8bc5-ca962475ae0f,true,,,,Likelihood of occurrence
b0d4bc05-34de-4cd3-8cc4-f9e156a47445,2025-06-10T23:50:18+0678,admin,2025-06-10T23:50:18+0678,admin,26,"H1.5 What is the status of safeguards and mitigation for personal data risks (privacy, fairness)? (Remediability – Measures strength of mitigation)",IM24B,CHOICE,26192b84-ea24-449d-8a4e-44a2cb928e4c,5e20082d-4baa-457e-8bc5-ca962475ae0f,true,,,,Remediability
8a1a9b91-2cb2-48d5-a51d-914c1d9aec35,2025-06-10T23:50:18+0679,admin,2025-06-10T23:50:18+0679,admin,27,"H2.2 Are there measures in place to ensure the protection and proper handling of personal information, including anonymization/pseudonymization, data minimization, data retention policies, and access controls?  These are fundamental principles required to safeguard personal information under frameworks such as GDPR.",IM20A,CHOICE,26192b84-ea24-449d-8a4e-44a2cb928e4c,5e20082d-4baa-457e-8bc5-ca962475ae0f,true,,,,
2cfc8b42-b762-456d-8d71-373eda209dcf,2025-06-10T23:50:18+0680,admin,2025-06-10T23:50:18+0680,admin,28,"H4.2 Does the use case implement measures to ensure fairness, mitigate bias, and uphold purpose limitation when processing personal data?",IM24A,CHOICE,26192b84-ea24-449d-8a4e-44a2cb928e4c,5e20082d-4baa-457e-8bc5-ca962475ae0f,true,,,,
e209f651-1044-4f32-9860-e4b4212452b6,2025-06-10T23:50:18+0681,admin,2025-06-10T23:50:18+0681,admin,23,"H1.3 Does the use case involve the use of large language models (LLMs), and if so, is personally identifiable information (PII) being passed to the LLM? LLMs have unique implications for PII retention and inference. If PII is passed, potential risks include unintended data retention, privacy breaches, and regulatory non-compliance. Please refer to the guidelines for details.",IM22A,CHOICE,26192b84-ea24-449d-8a4e-44a2cb928e4c,5e20082d-4baa-457e-8bc5-ca962475ae0f,true,,,,
5fcd262b-7009-4cfa-805e-64f21326da60,2025-06-10T23:50:18+0682,admin,2025-06-10T23:50:18+0682,admin,30,H5.2 Automated decision-making: Does the use case exhibit fully or partially automated decision-making? Does it include cases where no human intervention or human supervision takes place?  This excludes any recommender system.,IM26A,CHOICE,26192b84-ea24-449d-8a4e-44a2cb928e4c,5e20082d-4baa-457e-8bc5-ca962475ae0f,true,,,Automated decision-making,
40375e36-1247-4cab-b3a1-5d26203de213,2025-06-10T23:50:18+0683,admin,2025-06-10T23:50:18+0683,admin,32,"H2.2 What role does the AI system play in the decision-making process? (Scale – Measures automation level)",IM27A,CHOICE,26192b84-ea24-449d-8a4e-44a2cb928e4c,5e20082d-4baa-457e-8bc5-ca962475ae0f,true,,,,Scale
c2a6e0ba-24bf-4636-90b3-9c88ef59551c,2025-06-10T23:50:18+0684,admin,2025-06-10T23:50:18+0684,admin,33,"H2.3 What level of human oversight exists in the decision-making process? (Remediability – Assesses control mechanisms)",IM27A,CHOICE,26192b84-ea24-449d-8a4e-44a2cb928e4c,5e20082d-4baa-457e-8bc5-ca962475ae0f,true,,,,Remediability
f3d18e23-1fa2-4dcf-a474-45d501ce1e6c,2025-06-10T23:50:18+0685,admin,2025-06-10T23:50:18+0685,admin,34,"H6.2 Does the use case include mechanisms for human oversight, such as a human-in-the-loop component, real-time monitoring (human-on-the-loop), post-decision override, or other forms of human intervention in automated decisions? Human oversight ensures accountability and mitigates risks associated with automated decision-making. Oversight can take various forms, including:",IM28A,CHOICE,26192b84-ea24-449d-8a4e-44a2cb928e4c,5e20082d-4baa-457e-8bc5-ca962475ae0f,true,,,,
2f74c363-6815-4a1a-8fb2-bed37312116b,2025-06-10T23:50:18+0686,admin,2025-06-10T23:50:18+0686,admin,36,"H2.5. How likely is the system to generate incorrect, impactful or harmful decisions? (Likelihood – Risk of error or harm)",IM31A,CHOICE,26192b84-ea24-449d-8a4e-44a2cb928e4c,5e20082d-4baa-457e-8bc5-ca962475ae0f,true,,,,Likelihood of occurrence
d4128f51-a089-4aa8-ba5f-0748685294d7,2025-06-10T23:50:18+0687,admin,2025-06-10T23:50:18+0687,admin,37,"H7.2 Consequences on people: Does the system's output have consequences on people? Could the deployment or use of this AI system have direct or indirect impacts on individuals or groups (social, safety, financial, and/or psychological or physical harm), could these impacts arise due to insufficient training and testing, incorrect usage by customers or use beyond its intended purpose?",IM30A,CHOICE,26192b84-ea24-449d-8a4e-44a2cb928e4c,5e20082d-4baa-457e-8bc5-ca962475ae0f,true,,,Consequence on people,
df6fc1c1-4c5e-4cba-8d2b-8011c04bf182,2025-06-10T23:50:18+0688,admin,2025-06-10T23:50:18+0688,admin,39,"H3.2. To what extent could the system’s outputs affect individuals or groups? (Scale – Assesses severity of real-world consequences)",IM34A,CHOICE,26192b84-ea24-449d-8a4e-44a2cb928e4c,5e20082d-4baa-457e-8bc5-ca962475ae0f,true,,,,Scale
520c6ee2-09f7-4638-83d5-615feccf67ab,2025-06-10T23:50:18+0689,admin,2025-06-10T23:50:18+0689,admin,40,"H3.3. What mechanisms are in place to prevent or mitigate harm to individuals or groups? (Remediability – Assesses effectiveness of safeguards)",IM34A,CHOICE,26192b84-ea24-449d-8a4e-44a2cb928e4c,5e20082d-4baa-457e-8bc5-ca962475ae0f,true,,,,Remediability
054b7207-8ae2-41fb-90e6-52652f02d355,2025-06-10T23:50:18+0690,admin,2025-06-10T23:50:18+0690,admin,41,"H3.4. How likely is it that the AI system could cause harm or unfair outcomes? (Likelihood – Measures risk occurrence probability)",IM34A,CHOICE,26192b84-ea24-449d-8a4e-44a2cb928e4c,5e20082d-4baa-457e-8bc5-ca962475ae0f,true,,,,Likelihood of occurrence
2142d4a5-42bb-4408-93c7-36e36d918447,2025-06-10T23:50:18+0691,admin,2025-06-10T23:50:18+0691,admin,42,"H8.2 Does the use case explicitly disclose to stakeholders and end-users that AI is being used?  This includes scenarios where AI may replicate human behavior, generate outputs resembling human-created content, or perform tasks that significantly affect individuals or decision-making processes.",IM32A,CHOICE,26192b84-ea24-449d-8a4e-44a2cb928e4c,5e20082d-4baa-457e-8bc5-ca962475ae0f,true,,,,
77831d72-bef0-4802-98a4-69935effdc2e,2025-06-10T23:50:18+0692,admin,2025-06-10T23:50:18+0692,admin,44,H9.2 Feedback and Adjustment Mechanisms: Is there a mechanism to collect user feedback on the AII system’s performance and outcome. and adjust the model or data processing accordingly?  Collecting feedback helps identify potential issues in real-world use. Such feedback allows developers to refine the model or data processing to improve fairness and mitigate risks over time.,IM34A,CHOICE,26192b84-ea24-449d-8a4e-44a2cb928e4c,5e20082d-4baa-457e-8bc5-ca962475ae0f,true,,,,
5d50b9bf-8f93-4730-bf32-407df26009b8,2025-06-10T23:50:18+0693,admin,2025-06-10T23:50:18+0693,admin,46,"H10.2 High-risk sector: Does the use case belong to one of the following domains: categorization of natural persons, management and operation of critical infrastructure, employment/HR, healthcare, private services and public services and benefits, law enforcement, migration, democratic processes?",IM36A,CHOICE,26192b84-ea24-449d-8a4e-44a2cb928e4c,5e20082d-4baa-457e-8bc5-ca962475ae0f,true,,,High-risk sectors,
30a86192-7613-44ae-b888-edaf9eac9ad4,2025-06-10T23:50:18+0694,admin,2025-06-10T23:50:18+0694,admin,48,"H4.2. Is the AI use case deployed in a sensitive or high-stakes domain? (Scale – Impact domain sensitivity)",IM41A,CHOICE,26192b84-ea24-449d-8a4e-44a2cb928e4c,5e20082d-4baa-457e-8bc5-ca962475ae0f,true,,,,Scale
9a3036d4-a501-4da8-a1f3-fc5705341cf1,2025-06-10T23:50:18+0695,admin,2025-06-10T23:50:18+0695,admin,51,"H4.4. If harm were to occur, how feasible is mitigation or correction? (Remediability – Recovery capability)",IM34A,CHOICE,26192b84-ea24-449d-8a4e-44a2cb928e4c,5e20082d-4baa-457e-8bc5-ca962475ae0f,true,,,,Remediability
7ae821a0-dc77-4a24-9d39-0b7b34b20162,2025-06-10T23:50:18+0696,admin,2025-06-10T23:50:18+0696,admin,52,"H4.5. What is the likelihood that harm or failure could occur in this domain due to AI use? (Likelihood – Environment stability and maturity)",IM34A,CHOICE,26192b84-ea24-449d-8a4e-44a2cb928e4c,5e20082d-4baa-457e-8bc5-ca962475ae0f,true,,,,Likelihood of occurrence
6502fdb4-a079-4fe5-a454-e2caa9a39397,2025-06-10T23:50:18+0698,admin,2025-06-10T23:50:18+0698,admin,49,H11.2 Sector-Specific Safeguards: Have additional safeguards specific to this high-risk sector been applied to mitigate potential risks?,IM38A,CHOICE,26192b84-ea24-449d-8a4e-44a2cb928e4c,5e20082d-4baa-457e-8bc5-ca962475ae0f,true,,,,
6b5e4e23-55d0-4291-98db-24688933a97c,2025-06-10T23:50:18+0700,admin,2025-06-10T23:50:18+0700,admin,53,H12.2 Type of AI Technology used in the use case:,IM40A,CHOICE,26192b84-ea24-449d-8a4e-44a2cb928e4c,5e20082d-4baa-457e-8bc5-ca962475ae0f,true,,,,
