<edmx:Edmx xmlns:edmx="http://docs.oasis-open.org/odata/ns/edmx" Version="4.0">
<edmx:Reference Uri="https://oasis-tcs.github.io/odata-vocabularies/vocabularies/Org.OData.Capabilities.V1.xml">
<edmx:Include Alias="Capabilities" Namespace="Org.OData.Capabilities.V1"/>
</edmx:Reference>
<edmx:Reference Uri="https://sap.github.io/odata-vocabularies/vocabularies/Common.xml">
<edmx:Include Alias="Common" Namespace="com.sap.vocabularies.Common.v1"/>
</edmx:Reference>
<edmx:Reference Uri="https://oasis-tcs.github.io/odata-vocabularies/vocabularies/Org.OData.Core.V1.xml">
<edmx:Include Alias="Core" Namespace="Org.OData.Core.V1"/>
</edmx:Reference>
<edmx:DataServices>
<Schema xmlns="http://docs.oasis-open.org/odata/ns/edm" Namespace="EmployeeDataService">
<EntityContainer Name="EntityContainer">
<EntitySet Name="Employees" EntityType="EmployeeDataService.Employees">
<NavigationPropertyBinding Path="assistant" Target="Employees"/>
<NavigationPropertyBinding Path="manager" Target="Employees"/>
<NavigationPropertyBinding Path="costcenterManager" Target="Employees"/>
<NavigationPropertyBinding Path="l0Manager" Target="Employees"/>
<NavigationPropertyBinding Path="l1Manager" Target="Employees"/>
<NavigationPropertyBinding Path="l2Manager" Target="Employees"/>
<NavigationPropertyBinding Path="l3Manager" Target="Employees"/>
<NavigationPropertyBinding Path="l4Manager" Target="Employees"/>
<NavigationPropertyBinding Path="l5Manager" Target="Employees"/>
<NavigationPropertyBinding Path="l6Manager" Target="Employees"/>
</EntitySet>
<EntitySet Name="DeletedEmployees" EntityType="EmployeeDataService.DeletedEmployees"/>
<FunctionImport Name="getCurrentUser" Function="EmployeeDataService.getCurrentUser" EntitySet="Employees"/>
</EntityContainer>
<EntityType Name="Employees">
<Key>
<PropertyRef Name="ID"/>
</Key>
<Property Name="ID" Type="Edm.String" MaxLength="255" Nullable="false"/>
<Property Name="email" Type="Edm.String" MaxLength="255"/>
<Property Name="country" Type="Edm.String" MaxLength="255"/>
<Property Name="lastName" Type="Edm.String" MaxLength="255"/>
<Property Name="employeeType" Type="Edm.String" MaxLength="255"/>
<Property Name="firstName" Type="Edm.String" MaxLength="255"/>
<Property Name="assistant_ID" Type="Edm.String" MaxLength="255"/>
<NavigationProperty Name="assistant" Type="EmployeeDataService.Employees">
<ReferentialConstraint Property="assistant_ID" ReferencedProperty="ID"/>
</NavigationProperty>
<Property Name="contactInfo" Type="EmployeeDataService.sapit_employee_data_model_ContactInfo"/>
<Property Name="company" Type="EmployeeDataService.sapit_employee_data_model_Company"/>
<Property Name="costCenter" Type="EmployeeDataService.sapit_employee_data_model_CostCenter"/>
<Property Name="department" Type="EmployeeDataService.sapit_employee_data_model_Department"/>
<Property Name="jobInfo" Type="EmployeeDataService.sapit_employee_data_model_JobInfo"/>
<Property Name="manager_ID" Type="Edm.String" MaxLength="255"/>
<NavigationProperty Name="manager" Type="EmployeeDataService.Employees">
<ReferentialConstraint Property="manager_ID" ReferencedProperty="ID"/>
</NavigationProperty>
<Property Name="officeLocation" Type="EmployeeDataService.sapit_employee_data_model_OfficeLocation"/>
<Property Name="costcenterManager_ID" Type="Edm.String" MaxLength="255"/>
<NavigationProperty Name="costcenterManager" Type="EmployeeDataService.Employees">
<ReferentialConstraint Property="costcenterManager_ID" ReferencedProperty="ID"/>
</NavigationProperty>
<Property Name="isManager" Type="Edm.Boolean"/>
<Property Name="carlicense" Type="Edm.String" MaxLength="50"/>
<Property Name="profilePicture" Type="Edm.Stream"/>
<Property Name="l0Manager_ID" Type="Edm.String" MaxLength="255"/>
<NavigationProperty Name="l0Manager" Type="EmployeeDataService.Employees">
<ReferentialConstraint Property="l0Manager_ID" ReferencedProperty="ID"/>
</NavigationProperty>
<Property Name="l1Manager_ID" Type="Edm.String" MaxLength="255"/>
<NavigationProperty Name="l1Manager" Type="EmployeeDataService.Employees">
<ReferentialConstraint Property="l1Manager_ID" ReferencedProperty="ID"/>
</NavigationProperty>
<Property Name="l2Manager_ID" Type="Edm.String" MaxLength="255"/>
<NavigationProperty Name="l2Manager" Type="EmployeeDataService.Employees">
<ReferentialConstraint Property="l2Manager_ID" ReferencedProperty="ID"/>
</NavigationProperty>
<Property Name="l3Manager_ID" Type="Edm.String" MaxLength="255"/>
<NavigationProperty Name="l3Manager" Type="EmployeeDataService.Employees">
<ReferentialConstraint Property="l3Manager_ID" ReferencedProperty="ID"/>
</NavigationProperty>
<Property Name="l4Manager_ID" Type="Edm.String" MaxLength="255"/>
<NavigationProperty Name="l4Manager" Type="EmployeeDataService.Employees">
<ReferentialConstraint Property="l4Manager_ID" ReferencedProperty="ID"/>
</NavigationProperty>
<Property Name="l5Manager_ID" Type="Edm.String" MaxLength="255"/>
<NavigationProperty Name="l5Manager" Type="EmployeeDataService.Employees">
<ReferentialConstraint Property="l5Manager_ID" ReferencedProperty="ID"/>
</NavigationProperty>
<Property Name="l6Manager_ID" Type="Edm.String" MaxLength="255"/>
<NavigationProperty Name="l6Manager" Type="EmployeeDataService.Employees">
<ReferentialConstraint Property="l6Manager_ID" ReferencedProperty="ID"/>
</NavigationProperty>
</EntityType>
<EntityType Name="DeletedEmployees">
<Key>
<PropertyRef Name="ID"/>
</Key>
<Property Name="ID" Type="Edm.String" MaxLength="255" Nullable="false"/>
<Property Name="deletionDate" Type="Edm.Date"/>
</EntityType>
<ComplexType Name="sapit_employee_data_model_ContactInfo">
<Property Name="officePhone" Type="Edm.String" MaxLength="255"/>
<Property Name="mobilePhone" Type="Edm.String" MaxLength="255"/>
<Property Name="fax" Type="Edm.String" MaxLength="255"/>
<Property Name="inhouseMail" Type="Edm.String" MaxLength="255"/>
</ComplexType>
<ComplexType Name="sapit_employee_data_model_Company">
<Property Name="ID" Type="Edm.String" MaxLength="255"/>
<Property Name="name" Type="Edm.String" MaxLength="255"/>
<Property Name="address" Type="EmployeeDataService.sapit_employee_data_model_Address"/>
</ComplexType>
<ComplexType Name="sapit_employee_data_model_Address">
<Property Name="city" Type="Edm.String" MaxLength="255"/>
<Property Name="country" Type="Edm.String" MaxLength="255"/>
<Property Name="name" Type="Edm.String" MaxLength="255"/>
<Property Name="postalCode" Type="Edm.String" MaxLength="255"/>
<Property Name="region" Type="Edm.String" MaxLength="255"/>
<Property Name="street" Type="Edm.String" MaxLength="255"/>
</ComplexType>
<ComplexType Name="sapit_employee_data_model_CostCenter">
<Property Name="ID" Type="Edm.String" MaxLength="255"/>
<Property Name="name" Type="Edm.String" MaxLength="255"/>
</ComplexType>
<ComplexType Name="sapit_employee_data_model_Department">
<Property Name="ID" Type="Edm.String" MaxLength="255"/>
<Property Name="name" Type="Edm.String" MaxLength="255"/>
<Property Name="boardArea" Type="Edm.String" MaxLength="255"/>
<Property Name="functionalArea" Type="Edm.String" MaxLength="255"/>
</ComplexType>
<ComplexType Name="sapit_employee_data_model_JobInfo">
<Property Name="family" Type="Edm.String" MaxLength="255"/>
<Property Name="title" Type="Edm.String" MaxLength="255"/>
</ComplexType>
<ComplexType Name="sapit_employee_data_model_OfficeLocation">
<Property Name="building" Type="Edm.String" MaxLength="255"/>
<Property Name="room" Type="Edm.String" MaxLength="255"/>
</ComplexType>
<Function Name="getCurrentUser" IsBound="false" IsComposable="false">
<ReturnType Type="EmployeeDataService.Employees"/>
</Function>
<Annotations Target="EmployeeDataService.EntityContainer/Employees">
<Annotation Term="Capabilities.DeleteRestrictions">
<Record Type="Capabilities.DeleteRestrictionsType">
<PropertyValue Property="Deletable" Bool="false"/>
</Record>
</Annotation>
<Annotation Term="Capabilities.InsertRestrictions">
<Record Type="Capabilities.InsertRestrictionsType">
<PropertyValue Property="Insertable" Bool="false"/>
</Record>
</Annotation>
<Annotation Term="Capabilities.UpdateRestrictions">
<Record Type="Capabilities.UpdateRestrictionsType">
<PropertyValue Property="Updatable" Bool="false"/>
</Record>
</Annotation>
</Annotations>
<Annotations Target="EmployeeDataService.Employees/profilePicture">
<Annotation Term="Core.MediaType" String="image/jpeg"/>
<Annotation Term="Core.ContentDisposition">
<Record Type="Core.ContentDispositionType">
<PropertyValue Property="Type" String="inline"/>
</Record>
</Annotation>
<Annotation Term="Core.Computed" Bool="true"/>
</Annotations>
<Annotations Target="EmployeeDataService.EntityContainer/DeletedEmployees">
<Annotation Term="Capabilities.DeleteRestrictions">
<Record Type="Capabilities.DeleteRestrictionsType">
<PropertyValue Property="Deletable" Bool="false"/>
</Record>
</Annotation>
<Annotation Term="Capabilities.InsertRestrictions">
<Record Type="Capabilities.InsertRestrictionsType">
<PropertyValue Property="Insertable" Bool="false"/>
</Record>
</Annotation>
<Annotation Term="Capabilities.UpdateRestrictions">
<Record Type="Capabilities.UpdateRestrictionsType">
<PropertyValue Property="Updatable" Bool="false"/>
</Record>
</Annotation>
</Annotations>
</Schema>
</edmx:DataServices>
</edmx:Edmx>