questionNumber,questionText,responseType_code,examples,isRequired,policyDescription,compliantAnswer,questionnaire_ID,section_sectionName
1,Is any of your cloud service end points accessible via public internet?,CHOICE,,TRUE,,,4b43dc20-af8b-4a97-b38d-fb6d6bd020f2,Types of access for your cloud services
2,Anonymous access,CHOICE,,TRUE,,,4b43dc20-af8b-4a97-b38d-fb6d6bd020f2,Types of access for your cloud services
3,Authenticated users,CHOICE,,TRUE,,,4b43dc20-af8b-4a97-b38d-fb6d6bd020f2,Types of access for your cloud services
4,System-to-system connections(inbound),CHOICE,,TRUE,,,4b43dc20-af8b-4a97-b38d-fb6d6bd020f2,Types of access for your cloud services
5,System-to-system connections(outbound),CHOICE,,TRUE,,,4b43dc20-af8b-4a97-b38d-fb6d6bd020f2,Types of access for your cloud services
6,Embedded URLs of external system,CHOICE,,TRUE,,,4b43dc20-af8b-4a97-b38d-fb6d6bd020f2,Types of access for your cloud services
7,Internal users (i/d/c),CHOICE,,TRUE,,,4b43dc20-af8b-4a97-b38d-fb6d6bd020f2,Types of access for your cloud services
8,IAS(SAP CP Identity and Authentication Service),CHOICE,,TRUE,,,4b43dc20-af8b-4a97-b38d-fb6d6bd020f2,Identity provider for authenticated access
9,XSUAA,CHOICE,,TRUE,,,4b43dc20-af8b-4a97-b38d-fb6d6bd020f2,Identity provider for authenticated access
10,SAP ID Service(IDS),CHOICE,,TRUE,,,4b43dc20-af8b-4a97-b38d-fb6d6bd020f2,Identity provider for authenticated access
11,Customer IdP(s) using IAS as Proxy,CHOICE,,TRUE,,,4b43dc20-af8b-4a97-b38d-fb6d6bd020f2,Identity provider for Authenticated access
12,Customer IdP(s) not using IAS as Proxy,CHOICE,,TRUE,,,4b43dc20-af8b-4a97-b38d-fb6d6bd020f2,Identity provider for authenticated access
13,ByDesign / C4C,CHOICE,,TRUE,,,4b43dc20-af8b-4a97-b38d-fb6d6bd020f2,Identity provider for authenticated access
14,Other,CHOICE,,TRUE,,,4b43dc20-af8b-4a97-b38d-fb6d6bd020f2,Identity provider for authenticated access
15,CP Neo,CHOICE,,TRUE,,,4b43dc20-af8b-4a97-b38d-fb6d6bd020f2,Underlying SAP platform/Product
16,CP CF,CHOICE,,TRUE,,,4b43dc20-af8b-4a97-b38d-fb6d6bd020f2,Underlying SAP platform/Product
17,Is the Cloud Service in scope for BTP Service Separation?,CHOICE,,TRUE,,,4b43dc20-af8b-4a97-b38d-fb6d6bd020f2,Underlying SAP platform/Product
18,Has BTP Service Separation been activated?,CHOICE,,TRUE,,,4b43dc20-af8b-4a97-b38d-fb6d6bd020f2,Underlying SAP platform/Product
19,CP Gardner,CHOICE,,TRUE,,,4b43dc20-af8b-4a97-b38d-fb6d6bd020f2,Underlying SAP platform/Product
20,SAP S/4 HANA Cloud,CHOICE,,TRUE,,,4b43dc20-af8b-4a97-b38d-fb6d6bd020f2,Underlying SAP platform/Product
21,ByDesign / C4C,CHOICE,,TRUE,,,4b43dc20-af8b-4a97-b38d-fb6d6bd020f2,Underlying SAP platform/Product
22,Commerce Cloud v2,CHOICE,,TRUE,,,4b43dc20-af8b-4a97-b38d-fb6d6bd020f2,Underlying SAP platform/Product
23,Other,CHOICE,,TRUE,,,4b43dc20-af8b-4a97-b38d-fb6d6bd020f2,Underlying SAP platform/Product
24,SAP GSC datacenter (native),CHOICE,,TRUE,,,4b43dc20-af8b-4a97-b38d-fb6d6bd020f2,"Usage of cloud infrastructure (native consumption, in addition to the platform/products above)"
25,"Hyperscaler (native): AWS, GCP, Azure",CHOICE,,TRUE,,,4b43dc20-af8b-4a97-b38d-fb6d6bd020f2,"Usage of cloud infrastructure (native consumption, in addition to the platform/products above)"
26,Other,CHOICE,,TRUE,,,4b43dc20-af8b-4a97-b38d-fb6d6bd020f2,"Usage of cloud infrastructure (native consumption, in addition to the platform/products above)"
