﻿ID,questionChoiceId,choiceSeqNum,questionChoiceText,question_questionNumber,question_questionnaire_ID
0c1b9d7e-6bfa-4b92-9e34-5b7c3d1a0001,1,1,Yes,1,4b43dc20-af8b-4a97-b38d-fb6d6bd020f2
0c1b9d7e-6bfa-4b92-9e34-5b7c3d1a0002,2,2,No,1,4b43dc20-af8b-4a97-b38d-fb6d6bd020f2
0c1b9d7e-6bfa-4b92-9e34-5b7c3d1a0003,1,1,Yes,2,4b43dc20-af8b-4a97-b38d-fb6d6bd020f2
0c1b9d7e-6bfa-4b92-9e34-5b7c3d1a0004,2,2,No,2,4b43dc20-af8b-4a97-b38d-fb6d6bd020f2
0c1b9d7e-6bfa-4b92-9e34-5b7c3d1a0005,1,1,Yes,3,4b43dc20-af8b-4a97-b38d-fb6d6bd020f2
0c1b9d7e-6bfa-4b92-9e34-5b7c3d1a0006,2,2,No,3,4b43dc20-af8b-4a97-b38d-fb6d6bd020f2
0c1b9d7e-6bfa-4b92-9e34-5b7c3d1a0007,2,1,Yes,4,4b43dc20-af8b-4a97-b38d-fb6d6bd020f2
0c1b9d7e-6bfa-4b92-9e34-5b7c3d1a0008,1,2,No,4,4b43dc20-af8b-4a97-b38d-fb6d6bd020f2
0c1b9d7e-6bfa-4b92-9e34-5b7c3d1a0009,1,1,Yes,5,4b43dc20-af8b-4a97-b38d-fb6d6bd020f2
0c1b9d7e-6bfa-4b92-9e34-5b7c3d1a0010,2,2,No,5,4b43dc20-af8b-4a97-b38d-fb6d6bd020f2
0c1b9d7e-6bfa-4b92-9e34-5b7c3d1a0011,1,1,Yes,6,4b43dc20-af8b-4a97-b38d-fb6d6bd020f2
0c1b9d7e-6bfa-4b92-9e34-5b7c3d1a0012,2,2,No,6,4b43dc20-af8b-4a97-b38d-fb6d6bd020f2
0c1b9d7e-6bfa-4b92-9e34-5b7c3d1a0013,1,1,Yes,7,4b43dc20-af8b-4a97-b38d-fb6d6bd020f2
0c1b9d7e-6bfa-4b92-9e34-5b7c3d1a0014,2,2,No,7,4b43dc20-af8b-4a97-b38d-fb6d6bd020f2
0c1b9d7e-6bfa-4b92-9e34-5b7c3d1a0015,1,1,Yes,8,4b43dc20-af8b-4a97-b38d-fb6d6bd020f2
0c1b9d7e-6bfa-4b92-9e34-5b7c3d1a0016,2,2,No,8,4b43dc20-af8b-4a97-b38d-fb6d6bd020f2
0c1b9d7e-6bfa-4b92-9e34-5b7c3d1a0017,1,1,Yes,9,4b43dc20-af8b-4a97-b38d-fb6d6bd020f2
0c1b9d7e-6bfa-4b92-9e34-5b7c3d1a0018,2,2,No,9,4b43dc20-af8b-4a97-b38d-fb6d6bd020f2
0c1b9d7e-6bfa-4b92-9e34-5b7c3d1a0019,1,1,Yes,10,4b43dc20-af8b-4a97-b38d-fb6d6bd020f2
0c1b9d7e-6bfa-4b92-9e34-5b7c3d1a0020,2,2,No,10,4b43dc20-af8b-4a97-b38d-fb6d6bd020f2
0c1b9d7e-6bfa-4b92-9e34-5b7c3d1a0021,1,1,Yes,11,4b43dc20-af8b-4a97-b38d-fb6d6bd020f2
0c1b9d7e-6bfa-4b92-9e34-5b7c3d1a0022,2,2,No,11,4b43dc20-af8b-4a97-b38d-fb6d6bd020f2
0c1b9d7e-6bfa-4b92-9e34-5b7c3d1a0023,1,1,Yes,12,4b43dc20-af8b-4a97-b38d-fb6d6bd020f2
0c1b9d7e-6bfa-4b92-9e34-5b7c3d1a0024,2,2,No,12,4b43dc20-af8b-4a97-b38d-fb6d6bd020f2
0c1b9d7e-6bfa-4b92-9e34-5b7c3d1a0025,1,1,Yes,13,4b43dc20-af8b-4a97-b38d-fb6d6bd020f2
0c1b9d7e-6bfa-4b92-9e34-5b7c3d1a0026,2,2,No,13,4b43dc20-af8b-4a97-b38d-fb6d6bd020f2
0c1b9d7e-6bfa-4b92-9e34-5b7c3d1a0027,1,1,Yes,14,4b43dc20-af8b-4a97-b38d-fb6d6bd020f2
0c1b9d7e-6bfa-4b92-9e34-5b7c3d1a0028,2,2,No,14,4b43dc20-af8b-4a97-b38d-fb6d6bd020f2
0c1b9d7e-6bfa-4b92-9e34-5b7c3d1a0029,1,1,Yes,15,4b43dc20-af8b-4a97-b38d-fb6d6bd020f2
0c1b9d7e-6bfa-4b92-9e34-5b7c3d1a0030,2,2,No,15,4b43dc20-af8b-4a97-b38d-fb6d6bd020f2
0c1b9d7e-6bfa-4b92-9e34-5b7c3d1a0031,1,1,Yes,16,4b43dc20-af8b-4a97-b38d-fb6d6bd020f2
0c1b9d7e-6bfa-4b92-9e34-5b7c3d1a0032,2,2,No,16,4b43dc20-af8b-4a97-b38d-fb6d6bd020f2
0c1b9d7e-6bfa-4b92-9e34-5b7c3d1a0033,1,1,Yes,17,4b43dc20-af8b-4a97-b38d-fb6d6bd020f2
0c1b9d7e-6bfa-4b92-9e34-5b7c3d1a0034,2,2,No,17,4b43dc20-af8b-4a97-b38d-fb6d6bd020f2
0c1b9d7e-6bfa-4b92-9e34-5b7c3d1a0035,1,1,Yes,18,4b43dc20-af8b-4a97-b38d-fb6d6bd020f2
0c1b9d7e-6bfa-4b92-9e34-5b7c3d1a0036,2,2,No,18,4b43dc20-af8b-4a97-b38d-fb6d6bd020f2
0c1b9d7e-6bfa-4b92-9e34-5b7c3d1a0037,1,1,Yes,19,4b43dc20-af8b-4a97-b38d-fb6d6bd020f2
0c1b9d7e-6bfa-4b92-9e34-5b7c3d1a0038,2,2,No,19,4b43dc20-af8b-4a97-b38d-fb6d6bd020f2
0c1b9d7e-6bfa-4b92-9e34-5b7c3d1a0039,1,1,Yes,20,4b43dc20-af8b-4a97-b38d-fb6d6bd020f2
0c1b9d7e-6bfa-4b92-9e34-5b7c3d1a0040,2,2,No,20,4b43dc20-af8b-4a97-b38d-fb6d6bd020f2
0c1b9d7e-6bfa-4b92-9e34-5b7c3d1a0041,1,1,Yes,21,4b43dc20-af8b-4a97-b38d-fb6d6bd020f2
0c1b9d7e-6bfa-4b92-9e34-5b7c3d1a0042,2,2,No,21,4b43dc20-af8b-4a97-b38d-fb6d6bd020f2
0c1b9d7e-6bfa-4b92-9e34-5b7c3d1a0043,1,1,Yes,22,4b43dc20-af8b-4a97-b38d-fb6d6bd020f2
0c1b9d7e-6bfa-4b92-9e34-5b7c3d1a0044,2,2,No,22,4b43dc20-af8b-4a97-b38d-fb6d6bd020f2
0c1b9d7e-6bfa-4b92-9e34-5b7c3d1a0045,1,1,Yes,23,4b43dc20-af8b-4a97-b38d-fb6d6bd020f2
0c1b9d7e-6bfa-4b92-9e34-5b7c3d1a0046,2,2,No,23,4b43dc20-af8b-4a97-b38d-fb6d6bd020f2
0c1b9d7e-6bfa-4b92-9e34-5b7c3d1a0047,1,1,Yes,24,4b43dc20-af8b-4a97-b38d-fb6d6bd020f2
0c1b9d7e-6bfa-4b92-9e34-5b7c3d1a0048,2,2,No,24,4b43dc20-af8b-4a97-b38d-fb6d6bd020f2
0c1b9d7e-6bfa-4b92-9e34-5b7c3d1a0049,1,1,Yes,25,4b43dc20-af8b-4a97-b38d-fb6d6bd020f2
0c1b9d7e-6bfa-4b92-9e34-5b7c3d1a0050,2,2,No,25,4b43dc20-af8b-4a97-b38d-fb6d6bd020f2
0c1b9d7e-6bfa-4b92-9e34-5b7c3d1a0051,1,1,Yes,26,4b43dc20-af8b-4a97-b38d-fb6d6bd020f2
0c1b9d7e-6bfa-4b92-9e34-5b7c3d1a0052,2,2,No,26,4b43dc20-af8b-4a97-b38d-fb6d6bd020f2