{
  "generationParameters": {
    "generationDate": "Mon Nov 03 2025 06:51:37 GMT+0000 (Coordinated Universal Time)",
    "generatorPlatform": "SAP Business Application Studio",
    "serviceType": "Local CAP",
    "metadataFilename": "",
    "serviceUrl": "http://localhost:4004/service/GbaasAssessment/",
    "appName": "gbaas.assessmentapp",
    "appTitle": "assessmentapp",
    "appDescription": "Gbaas Assessment Application",
    "appNamespace": "",
    "ui5Theme": "sap_horizon",
    "ui5Version": "1.120.32",
    "showMockDataInfo": false,
    "generatorVersion": "1.19.3",
    "template": "List Report Page V4",
    "generatorName": "SAP Fiori Application Generator",
    "entityRelatedConfig": [
      {
        "type": "Main Entity",
        "value": "Assessments"
      },
      {
        "type": "Navigation Entity",
        "value": "None"
      }
    ],
    "launchText": "To launch the generated app, start your CAP project:  and navigate to the following location in your browser:\n\nhttp://localhost:4004/gbaas.assessmentapp/webapp/index.html"
  }
}
