{
  "welcomeFile": "/index.html",
  "authenticationMethod": "route",
  "routes": [
    {
      "source": "^/service/(.*)$",
      "target": "/service/$1",
      "scope": "$XSAPPNAME.User",
      "destination": "gbaas-srv-api",
      "authenticationType": "xsuaa",
      "csrfProtection": true
    },
    {
      "source": "^/index.html",
      "scope": "$XSAPPNAME.User",
      "service": "html5-apps-repo-rt",
      "cacheControl": "no-cache, no-store, must-revalidate"
    },
    {
      "source": "^/ui5appwz.html",
      "scope": "$XSAPPNAME.User",
      "service": "html5-apps-repo-rt",
      "cacheControl": "no-cache, no-store, must-revalidate"
    },
    {
      "source": "^(.*)$",
      "target": "$1",
      "scope": "$XSAPPNAME.User",
      "service": "html5-apps-repo-rt",
      "authenticationType": "xsuaa"
    }
  ]
}
